smiles_r,TOXICITY
CCN(CC)c1cc(C)nc2ncnn12,1
CCN(CC)CC(=O)Oc1ccc(NC(C)=O)cc1,1
CCN(CC)Cc1cc(Nc2ccnc3cc(Cl)ccc23)ccc1O,1
CCN(CC)CCCC(C)Nc1ccnc2cc(Cl)ccc12,1
CCN(CC)CCN1C(=O)CN=C(c2ccccc2F)c2cc(Cl)ccc21,1
CCN(CC)CCNC(=O)c1cc(S(C)(=O)=O)ccc1OC,1
CCN(CC)CCNC(=O)c1cc(Cl)c(N)cc1OC,1
CCN(CC)CCNC(=O)c1ccc(N)cc1,1
CCN(CC)CCNC(=O)C1C(C)=NC(C=C2C(=O)Nc3ccc(F)cc32)=C1C,1
CCN(CC)CCNc1ccc(CO)c2sc3ccccc3c(=O)c12,1
CCN(CC)CCOC(=O)C(Cc1cccc2ccccc12)CC1CCCO1,1
CCN(CC)CCOc1ccc(C(=C(Cl)c2ccccc2)c2ccccc2)cc1,1
CCN(CCO)CCCC(C)Nc1ccnc2cc(Cl)ccc12,1
CCn1cc(C(=O)O)c(=O)c2cc(F)c(N3CCNCC3)cc21,1
CCN1CCCC1CNC(=O)c1cc(S(N)(=O)=O)ccc1OC,1
CCN1CCCC1CNC(=O)c1cc(S(=O)(=O)CC)c(N)cc1OC,1
CCN1CCN(C(=O)NC(C(=O)NC2C(=O)N3C(C(=O)O)=C(CSc4nnnn4C)CSC23)c2ccc(O)cc2)C(=O)C1=O,1
CCOC(=O)C1=C(C)N=C(C)C(C(=O)OC)C1c1cccc([N+](=O)[O-])c1,1
CCOC(=O)C=C(C)C=CC=C(C)C=Cc1c(C)cc(OC)c(C)c1C,1
CCOC(=O)C(CCc1ccccc1)NC1CSC(c2cccs2)CN(CC(=O)O)C1=O,1
CCOC(=O)C(CCc1ccccc1)NC1CCCN2CCCC(C(=O)O)N2C1=O,1
CCOC(=O)C(CCc1ccccc1)NC1CCc2ccccc2N(CC(=O)O)C1=O,1
CCOC(=O)C(CCc1ccccc1)NC(C)C(=O)N1CCCC1C(=O)O,1
CCN(CC)C(=S)SSC(=S)N(CC)CC,1
CCOC(=O)C(CCc1ccccc1)NC(C)C(=O)N1Cc2ccccc2CC1C(=O)O,1
CCOC(=O)C(CCc1ccccc1)NC(C)C(=O)N1C(C(=O)O)CC2CCCC21,1
CCOC(=O)C(C)(C)Oc1ccc(Cl)cc1,1
CCOC(=O)[N-]c1c[n+](N2CCOCC2)no1,1
CCO,1
CCNC1CC(N)C(OC2OC(CN)=CCC2N)C(O)C1OC1OCC(C)(O)C(NC)C1O,1
CCNC(=O)C1CCCN1C(=O)C(CCCNC(=N)N)NC(=O)C(CC(C)C)NC(=O)C(CC(C)C)NC(=O)C(Cc1ccc(O)cc1)NC(=O)C(CO)NC(=O)C(Cc1c[nH]c2ccccc12)NC(=O)C(Cc1cnc[nH]1)NC(=O)C1CCC(=O)N1,1
CCOC(=O)C(CCc1ccccc1)NC(C)C(=O)N1C(C(=O)O)CC2CCCCC21,1
CCOC(=O)c1ccc(OC(=O)CCCCCNC(=N)N)cc1,1
CCN(CC)C(=O)Nc1ccc(OCC(O)CNC(C)(C)C)c(C(C)=O)c1,1
CCN(CC)C(=O)C1(c2ccccc2)CC1CN,1
CCCc1nc2c(C)cc(-c3nc4ccccc4n3C)cc2n1Cc1ccc(-c2ccccc2C(=O)O)cc1,1
CCCc1nn(C)c2c(=O)[nH]c(-c3cc(S(=O)(=O)N4CCN(C)CC4)ccc3OCC)nc12,1
CCCC1CC(C(=O)NC(C(C)Cl)C2OC(SC)C(O)C(O)C2O)N(C)C1,1
CCCCC(=O)N(Cc1ccc(-c2ccccc2-c2nn[nH]n2)cc1)C(C(=O)O)C(C)C,1
CCCCC(CC)COC(=O)C=Cc1ccc(OC)cc1,1
CCCCc1oc2ccccc2c1C(=O)c1cc(I)c(OCCN(CC)CC)c(I)c1,1
CCCCc1nc(Cl)c(CO)n1Cc1ccc(-c2ccccc2-c2nnn[n-]2)cc1.[K+],1
CCCCc1nc(Cl)c(CO)n1Cc1ccc(-c2ccccc2-c2nnn[nH]2)cc1,1
CCCCC1=NC2(CCCC2)C(=O)N1Cc1ccc(-c2ccccc2-c2nnn[nH]2)cc1,1
CCCCC1C(=O)N(c2ccccc2)N(c2ccc(O)cc2)C1=O,1
CCCCC1C(=O)N(c2ccccc2)N(c2ccccc2)C1=O,1
CCCCCCCCCC(=O)NC(Cc1c[nH]c2ccccc12)C(=O)NC(CC(N)=O)C(=O)NC(CC(=O)O)C(=O)NC1C(=O)NCC(=O)NC(CCCN)C(=O)NC(CC(=O)O)C(=O)NC(C)C(=O)NC(CC(=O)O)C(=O)NCC(=O)NC(CO)C(=O)NC(C(C)CC(=O)O)C(=O)NC(CC(=O)c2ccccc2N)C(=O)OC1C,1
CCCCCCCCCC(=O)OC1CCC2C3CCC4=CC(=O)CCC4C3CCC12C,1
CCCCCCCCCCCC(CC1OC(=O)C1CCCCCC)OC(=O)C(CC(C)C)NC=O,1
CCCCCCCCNC(C)C(O)c1ccc(SC(C)C)cc1,1
CCCCCOc1ccc(-c2cc(-c3ccc(C(=O)NC4CC(O)C(O)NC(=O)C5C(O)C(C)CN5C(=O)C(C(O)CC(N)=O)NC(=O)C(C(O)C(O)c5ccc(O)c(OS(=O)(=O)O)c5)NC(=O)C5CC(O)CN5C(=O)C(C(C)O)NC4=O)cc3)no2)cc1,1
CCCCN(CCCC)CCC(O)c1cc2c(Cl)cc(Cl)cc2c2cc(C(F)(F)F)ccc12,1
CCN(CC)C(=O)C(C#N)=Cc1cc(O)c(O)c([N+](=O)[O-])c1,1
CCN(C)C(=O)Oc1cccc(C(C)N(C)C)c1,1
CCCSc1ccc2[nH]c(NC(=O)OC)nc2c1,1
CCCS(=O)(=O)Nc1ccc(F)c(C(=O)c2c[nH]c3ncc(-c4ccc(Cl)cc4)cc23)c1F,1
CCCOC(C(=O)OC1CCN(C)CC1)(c1ccccc1)c1ccccc1,1
CCCNCC(O)COc1ccccc1C(=O)CCc1ccccc1,1
CCN(CC)C(=O)N1CCN(C)CC1,1
CCCNC(=O)NS(=O)(=O)c1ccc(Cl)cc1,1
CCCN(CCC)CCc1cccc2c1CC(=O)N2,1
CCCN(CCC)C(=O)Cc1c(-c2ccc(Cl)cc2)nc2ccc(Cl)cn12,1
CCCCNc1ccc(C(=O)OCCOCCOCCOCCOCCOCCOCCOCCOCCOC)cc1,1
CCCCN1CCCCC1C(=O)Nc1c(C)cccc1C,1
CCCCN1C(=O)C(C(O)C2CCCCC2)NC(=O)C12CCN(Cc1ccc(Oc3ccc(C(=O)O)cc3)cc1)CC2,1
CCCCc1oc2ccc(NS(C)(=O)=O)cc2c1C(=O)c1ccc(OCCCN(CCCC)CCCC)cc1,1
CCCN(CCOc1c(Cl)cc(Cl)cc1Cl)C(=O)n1ccnc1.O=S(=O)([O-])C(I)I.[Na+],1
CCOC(=O)C1C(C)=NC(C)=C(C(=O)OC)C1c1cccc(Cl)c1Cl,1
CCOC(=O)C1C(COCCN)=NC(C)=C(C(=O)OC)C1c1ccccc1Cl,1
CCOC(=O)C1N=C(c2ccccc2F)c2cc(Cl)ccc2NC1=O,1
CN(C)C1C(=O)C(C(N)=O)C(=O)C2(O)C(=O)C3C(=O)c4c(O)cccc4C(C)(O)C3CC12,1
CN(C)c1ccc(O)c2c1CC1CC3C(N(C)C)C(=O)C(C(N)=O)C(=O)C3(O)C(=O)C1C2=O,1
CN(C)CC(c1ccc(O)cc1)C1(O)CCCCC1,1
CN(C)CC=C(c1ccc(Br)cc1)c1cccnc1,1
CN(C)Cc1ccc(CSCCN=C(C[N+](=O)[O-])NCc2ccc3c(c2)OCO3)o1,1
CN(C)CCC=C1c2ccccc2C=Cc2ccccc21,1
CN(C)CCC=C1c2ccccc2CCc2ccccc21,1
CN(C)CCC=C1c2ccccc2COc2ccc(CC(=O)O)cc21,1
CN(C)CCC=C1c2ccccc2COc2ccccc21,1
CN(C)CCCC1(c2ccc(F)cc2)OCc2cc(C#N)ccc21,1
CN(C)CCCN1c2ccccc2Sc2ccc(Cl)cc21,1
CN(C)CCCN1c2ccccc2CCc2ccc(Cl)cc21,1
CN(C)CCCN1c2ccccc2CCc2ccccc21,1
CN(C)CCN(Cc1ccccc1)c1ccccn1,1
CN(C)CCN(Cc1cccs1)c1ccccn1,1
CN(C)CCn1nnnc1SCC1=C(C(=O)O)N2C(=O)C(NC(=O)Cc3csc(N)n3)C2SC1,1
CN(C)N=Nc1nc[nH]c1C(N)=O,1
CN1C(C(=O)Nc2ccccn2)C(=O)c2sccc2S1(=O)=O,1
CN1C(C(=O)Nc2ccccn2)C(=O)c2ccccc2S1(=O)=O,1
Cc1cnc(NC(=O)C2C(=O)c3ccccc3S(=O)(=O)N2C)s1,1
CN1C(C(=O)Nc2ccccn2)C(=O)c2sc(Cl)cc2S1(=O)=O,1
Cc1nnc(C(=O)NC(C)(C)C2=NC(C(=O)NCc3ccc(F)cc3)C(=O)C(=O)N2C)o1,1
Cc1c(N(C)CS(=O)(=O)O)c(=O)n(-c2ccccc2)n1C,1
C=C1c2cccc(O)c2C(=O)C2C(=O)C3(O)C(=O)C(C(N)=O)C(=O)C(N(C)C)C3C(O)C12,1
CN(CCOc1ccc(CC2SC(=O)NC2=O)cc1)c1ccccn1,1
CN(Cc1cnc2nc(N)nc(N)c2n1)c1ccc(C(=O)NC(CCC(=O)O)C(=O)O)cc1,1
Cc1nc2ccc(CN(C)c3ccc(C(=O)NC(CCC(=O)O)C(=O)O)s3)cc2c(=O)[nH]1,1
CN(Cc1cc(Br)cc(Br)c1N)C1CCCCC1,1
CN(CC=CC#CC(C)(C)C)Cc1cccc2ccccc12,1
CN(CC(=O)N1CCOCC1)Cc1c(Cl)cccc1NC(=O)c1ccccc1,1
Cc1ccc(Nc2nccc(N(C)c3ccc4c(C)n(C)nc4c3)n2)cc1S(N)(=O)=O,1
CN(CCCCCCCCCCN(C)C(=O)Oc1ccccc1[N+](C)(C)C)C(=O)Oc1ccccc1[N+](C)(C)C,1
CN(C)C(=N)NC(=N)N,1
O=P1(NCCCl)OCCCN1CCCl,1
O=NN(CCCl)C(=O)NC1CCCCC1,1
CCOCC(O)COc1ccc(NC(=O)CC[SH](C)C)cc1,1
CCOC1OC(=O)CC1NC(=O)C1CCCN2C(=O)CCC(NC(=O)c3nccc4ccccc34)C(=O)N12,1
CCOc1nc2cccc(C(=O)O)c2n1Cc1ccc(-c2ccccc2-c2nnn[nH]2)cc1,1
CCOc1ccccc1OCCNC(C)Cc1ccc(OC)c(S(N)(=O)=O)c1,1
CCOc1ccc(NC(C)=O)cc1,1
CCOc1cc(CC(=O)NC(CC(C)C)c2ccccc2N2CCCCC2)ccc1C(=O)O,1
CC(=O)OC[C@H]1O[C@@H]([S-])[C@H](OC(C)=O)[C@@H](OC(C)=O)[C@@H]1OC(C)=O.CC[P-2](CC)CC.[Au+3],1
CCOc1cc(N)c(Cl)cc1C(=O)NCC1CN(Cc2ccc(F)cc2)CCO1,1
CCOC(Nc1ccc(C(=O)O)cc1)C(=O)c1ccc(-c2ccccc2)cc1,1
CCOC(=O)OC(C)OC1=C(C(=O)Nc2ccccn2)N(C)S(=O)(=O)c2ccccc21,1
CCOC(=O)OC(C)OC(=O)C1N2C(=O)C(NC(=O)C(N)c3ccccc3)C2SC1(C)C,1
CCOC(=O)Nc1ccc(NCc2ccc(F)cc2)nc1N,1
CCOC(=O)n1ccn(C)c1=S,1
CCOC(=O)CNC(C(=O)N1CCC1C(=O)NCc1ccc(/C(N)=N/O)cc1)C1CCCCC1,1
CCOc1ccc2ccccc2c1C(=O)NC1C(=O)N2C1SC(C)(C)C2C(=O)O,1
CCCC1=NC(=S)NC(=O)C1,1
CCS(=O)(=O)CCn1c([N+](=O)[O-])cnc1C,1
Clc1ccccc1C(c1ccccc1)(c1ccccc1)n1ccnc1,1
O=P1(N(CCCl)CCCl)NCCCO1,1
O=C1N=CC(N(CCCl)CCCl)C(=O)N1,1
O=C1CN=C(c2ccccc2)c2cc(Cl)ccc2N1,1
O=c1[nH]c2ccccc2n1CCCN1CCC(n2c(=O)[nH]c3cc(Cl)ccc32)CC1,1
Clc1ccccc1CN1CCc2sccc2C1,1
O=c1n(CCCN2CCN(c3cccc(Cl)c3)CC2)nc2ccccn12,1
ClC(Cl)(Cl)Cl,1
O=c1[nH]c2cc(Cl)ccc2o1,1
Clc1ccc2c(c1)CCc1cccnc1C2=C1CCNCC1,1
O=C(NCC1CN(c2ccc(N3CCOCC3=O)cc2)C(=O)O1)c1ccc(Cl)s1,1
O=C(COc1ccc(Cl)cc1)N1CCN(Cc2ccc3c(c2)OCO3)CC1,1
Clc1ccc(C(OCCN2CCCCC2)c2ccccc2)cc1,1
Clc1ccc2nsnc2c1NC1=NCCN1,1
O=C1Cc2cc(CCN3CCN(c4nsc5ccccc45)CC3)c(Cl)cc2N1,1
O=C1CN=C(c2ccccc2)c2cc(Cl)ccc2N1CC1CC1,1
CN1C(=O)CCS(=O)(=O)C1c1ccc(Cl)cc1,1
CCCC1(CCc2ccccc2)CC(=O)C(C(CC)c2cccc(NS(=O)(=O)c3ccc(C(F)(F)F)cn3)c2)C(=O)O1,1
CCCC(CCC)C(=O)O,1
Cc1cc(Br)c(O)c2ncccc12,1
Cc1cc(C=CC#N)cc(C)c1Nc1ccnc(Nc2ccc(C#N)cc2)n1,1
Cc1cc(NS(=O)(=O)c2ccc(N)cc2)no1,1
Cc1cc(O)c2c(=O)c3c(O)cc(O)c4c5c(O)cc(O)c6c(=O)c7c(O)cc(C)c8c1c2c(c34)c(c78)c65,1
Cc1cc(C)cc(OCC2CNC(=O)O2)c1,1
Cc1ccc(C)c(OCCCC(C)(C)C(=O)O)c1,1
Cc1ccc(C(=O)c2cc(O)c(O)c([N+](=O)[O-])c2)cc1,1
Cc1ccc(-c2cc(C(F)(F)F)nn2-c2ccc(S(N)(=O)=O)cc2)cc1,1
Cc1ccc(S(=O)(=O)NC(=O)NN2CC3CCCC3C2)cc1,1
Cc1ccc(S(=O)(=O)NC(=O)NN2CCCCCC2)cc1,1
Cc1ccc(Nc2c(F)cccc2Cl)c(CC(=O)O)c1,1
Cc1cccc(C)c1NC(=O)CC12CCCN1CCC2,1
Cc1ccccc1C(=O)Nc1ccc(C(=O)N2CCCC(O)c3cc(Cl)ccc32)c(C)c1,1
Cc1ccnc2c1NC(=O)c1cccnc1N2C1CC1,1
C=C(c1ccc(C(=O)O)cc1)c1cc2c(cc1C)C(C)(C)CCC2(C)C,1
Cc1cn(C2CC(N=[N+]=[N-])C(CO)O2)c(=O)nc1O,1
Cc1cn(C2C=CC(CO)O2)c(=O)[nH]c1=O,1
CC12C=CC(=O)C=C1CCC1C2C(O)CC2(C)C1CCC2(O)C(=O)CO,1
CC12C=CC(=O)C=C1CCC1C2C(=O)CC2(C)C1CCC2(O)C(=O)CO,1
Cc1nnc2n1-c1ccc(Cl)cc1C(c1ccccc1)=NC2,1
Cc1nnc2n1-c1sc(Br)cc1C(c1ccccc1Cl)=NC2,1
Cc1nnc(SCC2=C(C(=O)O)N3C(=O)C(NC(=O)Cn4cnnn4)C3SC2)s1,1
Cc1nnc(NS(=O)(=O)c2ccc(N)cc2)s1,1
Cc1cc(C#N)cc(C)c1Oc1nc(Nc2ccc(C#N)cc2)nc(N)c1Br,1
CC1=NN(c2ccc(C)c(C)c2)C(=O)C1N=Nc1cccc(-c2cccc(C(=O)O)c2)c1O,1
Cc1ncc([N+](=O)[O-])n1CCO,1
Cc1cnc(C(=O)NCCc2ccc(S(=O)(=O)NC(=O)NC3CCCCC3)cc2)cn1,1
Cc1ccc(-c2ncc(Cl)cc2-c2ccc(S(C)(=O)=O)cc2)cn1,1
Cc1nc(C)c2c(n1)N(Cc1ccc(-c3ccccc3-c3nn[nH]n3)cc1)C(=O)CC2,1
Cc1nc([N+](=O)[O-])cn1-c1ccc([N+](=O)[O-])cc1,1
Cc1nc(Nc2ncc(C(=O)Nc3c(C)cccc3Cl)s2)cc(N2CCN(CCO)CC2)n1,1
CC1=NN(c2ccccc2)C(=O)C1,1
CC12CC3CC(C)(C1)CC(N)(C3)C2,1
Cc1cc(C(C)(C)C)cc(C)c1CC1=NCCN1,1
Cc1c(C)c2c(c(C)c1O)CCC(C)(COc1ccc(CC3SC(=O)NC3=O)cc1)O2,1
CC(O)C1C(=O)N2C(C(=O)O)=C(SC3CNC(C(=O)N(C)C)C3)C(C)C12,1
CC(O)C1C(=O)N2C(C(=O)O)=C(SCCNC=N)CC12,1
CC(Oc1cc(-c2cnn(C3CCNCC3)c2)cnc1N)c1c(Cl)ccc(F)c1Cl,1
CC=CC1=C(C(=O)O)N2C(=O)C(NC(=O)C(N)c3ccc(O)cc3)C2SC1,1
CC1(C)SC2C(NC(=O)Cc3ccccc3)CN2C1C(=O)O,1
CC1(C(=O)O)CCC2(C)CCC3(C)C(=CC(=O)C4C5(C)CCC(OC6OC(C(=O)O)C(O)C(O)C6OC6OC(C(=O)O)C(O)C(O)C6O)C(C)(C)C5CCC43C)C2C1,1
CC1(C)OC2COC3(COS(N)(=O)=O)OC(C)(C)OC3C2O1,1
CC1(C)SC2C(NC(=O)C(C(=O)O)c3ccccc3)C(=O)N2C1C(=O)O,1
CC1(C)SC2C(NC(=O)C(N)c3ccc(O)cc3)C(=O)N2C1C(=O)O,1
CC1(C)SC2C(NC(=O)C(N)c3ccccc3)C(=O)N2C1C(=O)O,1
CC1(C)SC2C(NC(=O)Cc3ccccc3)C(=O)N2C1C(=O)O,1
CC1(COc2ccc(CC3SC(=O)NC3=O)cc2)CCCCC1,1
CC12CCC(=O)C=C1CCC1C2CCC2(C)C1CCC2(C)O,1
CC12CC(C=O)C(=O)CC1CCC1C2CCC2(C)C1CCC2(C)O,1
CC12COC(=O)CC1CCC1C2CCC2(C)C1CCC2(C)O,1
CC12Cc3c[nH]nc3CC1CCC1C2CCC2(C)C1CCC2(C)O,1
Cc1onc(-c2ccccc2)c1-c1ccc(S(N)(=O)=O)cc1,1
CC1=C(C(=O)O)N2C(=O)C(NC(=O)C(N)c3ccccc3)C2SC1,1
CC1=C(C(=O)O)N2C(=O)C(NC(=O)C(N)c3ccc(O)cc3)C2SC1,1
Cc1c(OCC(F)(F)F)ccnc1C[S+]([O-])c1nc2ccccc2[nH]1,1
Cc1nc2n(c(=O)c1CCN1CCC(c3noc4cc(F)ccc34)CC1)CCCC2,1
Cc1ncsc1CCCl,1
CC1=C(CC(=O)O)c2cc(F)ccc2C1=Cc1ccc([S+](C)[O-])cc1,1
Cc1c(O)cccc1C(=O)NC(CSc1ccccc1)C(O)CN1CC2CCCCC2CC1C(=O)NC(C)(C)C,1
Cc1oncc1C(=O)Nc1ccc(C(F)(F)F)cc1,1
CC(C=CC1=C(C)CCCC1(C)C)=CC=CC(C)=CCO,1
Cc1onc(-c2ccccc2Cl)c1C(=O)NC1C(=O)N2C1SC(C)(C)C2C(=O)O,1
Cc1onc(-c2ccccc2)c1C(=O)NC1C(=O)N2C1SC(C)(C)C2C(=O)O,1
Cc1onc(-c2c(F)cccc2Cl)c1C(=O)NC1C(=O)N2C1SC(C)(C)C2C(=O)O,1
Cc1onc(-c2c(Cl)cccc2Cl)c1C(=O)NC1C(=O)N2C1SC(C)(C)C2C(=O)O,1
COC12C(COC(N)=O)C3=C(C(=O)C(C)=C(N)C3=O)N1CC1NC12,1
Cc1cccc(Nc2ccccc2C(=O)O)c1C,1
C=C1CC2C(CCC3(C)C(=O)CCC23)C2(C)C=CC(=O)C=C12,1
CC12CCC(O)CC1=CCC1C2CCC2(C)C(c3cccnc3)=CCC12,1
CC12CCC3C(CC=C4CC(O)CCC43C)C1CCC2=O,1
CCC(CO)NCCNC(CC)CO,1
CCC(COC(=O)c1cc(OC)c(OC)c(OC)c1)(c1ccccc1)N(C)C,1
CCC(C(N)=O)N1CCCC1=O,1
CCC1(c2ccccc2)C(=O)NC(=O)N(C)C1=O,1
CCC1(c2ccccc2)C(=O)NC(=O)NC1=O,1
CCC1(c2ccccc2)CCC(=O)NC1=O,1
CCc1oc2ccccc2c1C(=O)c1cc(Br)c(O)c(Br)c1,1
CCc1oc2ccccc2c1C(=O)c1cc(I)c(O)c(I)c1,1
CCc1oc2ccccc2c1C(=O)c1ccc(O)cc1,1
CCC1=C(C)CN(C(=O)NCCc2ccc(S(=O)(=O)NC(=O)NC3CCC(C)CC3)cc2)C1=O,1
CCc1c(C)[nH]c2c1C(=O)C(CN1CCOCC1)CC2,1
CCc1c2c(nc3ccc(OC(=O)N4CCC(N5CCCCC5)CC4)cc13)-c1cc3c(c(=O)n1C2)COC(=O)C3(O)CC,1
CCc1ccc(C(=O)C(C)CN2CCCCC2)cc1,1
CCc1cccc2c3c([nH]c12)C(CC)(CC(=O)O)OCC3,1
CCc1cc2c(s1)N(C)C(=O)CN=C2c1ccccc1Cl,1
CCc1cc2c(s1)-n1c(C)nnc1CN=C2c1ccccc1Cl,1
CCc1ccc(CCOc2ccc(CC3SC(=O)NC3=O)cc2)nc1,1
CCCC(CCC)C(N)=O,1
CCCC(=O)Nc1ccc(OCC(O)CNC(C)C)c(C(C)=O)c1,1
CCC1OC(=O)C(C)C(OC2CC(C)(OC)C(O)C(C)O2)C(C)C(OC2OC(C)CC(N(C)C)C2O)C(C)(O)CC(C)CN(C)C(C)C(O)C1(C)O,1
CCC1OC(=O)C(C)C(OC2CC(C)(OC)C(O)C(C)O2)C(C)C(OC2OC(C)CC(N(C)C)C2O)C(C)(O)CC(C)C(=O)C(C)C(O)C1(C)O,1
CCC1OC(=O)C(C)C(OC2CC(C)(OC)C(O)C(C)O2)C(C)C(OC2OC(C)CC(N(C)C)C2O)C(C)(O)CC(C)C(=NOCOCCOC)C(C)C(O)C1(C)O,1
CCC1OC(=O)C(C)C(OC2CC(C)(OC)C(O)C(C)O2)C(C)C(OC2OC(C)CC(N(C)C)C2O)C(C)(OC)CC(C)C(=O)C(C)C(O)C1(C)O,1
CCC(CC)C(NC(C)=O)C1C(N=C(N)N)CC(C(=O)O)C1O,1
CCC1OC(=O)C(C)C(=O)C(C)C(OC2OC(C)CC(N(C)C)C2O)C(C)(OC)CC(C)C(=O)C(C)C2N(CCCCn3cnc(-c4cccnc4)c3)C(=O)OC12C,1
CCC1C=C(C)CC(C)CC(OC)C2OC(O)(C(=O)C(=O)N3CCCCC3C(=O)OC(C(C)=CC3CCC(Cl)C(OC)C3)C(C)C(O)CC1=O)C(C)CC2OC,1
C#CC1(O)CCC2C3CCC4=CC(=O)CCC4C3CCC21CC,1
C#CC1(O)CCC2C3CCC4=CCCCC4C3C(=C)CC21CC,1
CCc1nn(CCCN2CCN(c3cccc(Cl)c3)CC2)c(=O)n1CCOc1ccccc1,1
CCc1cc(C(N)=S)ccn1,1
CCc1nc(N)nc(N)c1-c1ccc(Cl)cc1,1
CC=CCC(C)C(O)C1C(=O)NC(CC)C(=O)N(C)CC(=O)N(C)C(CC(C)C)C(=O)NC(C(C)C)C(=O)N(C)C(CC(C)C)C(=O)NC(C)C(=O)NC(C)C(=O)N(C)C(CC(C)C)C(=O)N(C)C(CC(C)C)C(=O)N(C)C(C(C)C)C(=O)N1C,1
CCC(c1ccccc1)C1C(=O)Oc2ccccc2C1=O,1
CCC(C)n1ncn(-c2ccc(N3CCN(c4ccc(OCC5COC(Cn6cncn6)(c6ccc(Cl)cc6Cl)O5)cc4)CC3)cc2)c1=O,1
CCC(C)C1OC2(CCC1C)CC1CC(CC=C(C)C(OC3CC(OC)C(OC4CC(OC)C(O)C(C)O4)C(C)O3)C(C)C=CC=C3COC4C(O)C(C)=CC(C(=O)O1)C34O)O2,1
CC1CC2C3CCC4=CC(=O)C=CC4(C)C3(F)C(O)CC2(C)C1(O)C(=O)CCl,1
CC1CC2C(C(O)CC3(C)C2CCC3(O)C(=O)CO)C2(C)C=CC(=O)C=C12,1
C#CC1(O)CCC2C3C(C)CC4=C(CCC(=O)C4)C3CCC21C,1
CC1c2cccc(O)c2C(=O)C2C(=O)C3(O)C(=O)C(C(N)=O)C(=O)C(N(C)C)C3C(O)C21,1
CC(=O)OC1CC2(C)C(CC(O)C3C4(C)CCC(O)C(C)C4CCC32C)C1=C(CCC=C(C)C)C(=O)O,1
CC12CCC3C(CCC4CC(=O)CCC43C)C1CCC2O,1
CC1CCC2C(C)C(=O)OC3OC4(C)CCC1C32OO4,1
C#CC1(O)CCC2C3CCC4=Cc5oncc5CC4(C)C3CCC21C,1
CC12CCC3C4CCC(=O)C=C4CCC3C1CCC2O,1
C#CC1(O)CCC2C3CCC4=CC(=O)CCC4C3CCC21C,1
CC12CCC3c4ccc(OC(=O)N(CCCl)CCCl)cc4CCC3C1CCC2O,1
CC12CCC3c4ccc(O)cc4CCC3C1CCC2O,1
C#CC1(O)CCC2C3CCc4cc(O)ccc4C3CCC21C,1
CC12CCC3c4ccc(O)cc4CCC3C1CC(O)C2O,1
CC12CCC(=O)C=C1CCC1C2CCC2(C)C(O)CCC12,1
CCCC(NC(=O)C1C2CCCC2CN1C(=O)C(NC(=O)C(NC(=O)c1cnccn1)C1CCCCC1)C(C)(C)C)C(=O)C(=O)NC1CC1,1
CC1CCC2C(C)C(OC(=O)CCC(=O)O)OC3OC4(C)CCC1C32OO4,1
CC1CN(c2c(F)c(N)c3c(=O)c(C(=O)O)cn(C4CC4)c3c2F)CC(C)N1,1
CCC(C)C(=O)OC1CC(O)C=C2C=CC(C)C(CCC(O)CC(O)CC(=O)O)C21,1
CCC(C)C(=O)OC1CC(C)C=C2C=CC(C)C(CCC3CC(O)CC(=O)O3)C21,1
CCC(C)(C)C(=O)OC1CC(C)C=C2C=CC(C)C(CCC3CC(O)CC(=O)O3)C21,1
CCC(=O)OC(OP(=O)(CCCCc1ccccc1)CC(=O)N1CC(C2CCCCC2)CC1C(=O)O)C(C)C,1
CCC(=O)OC(Cc1ccccc1)(c1ccccc1)C(C)CN(C)C,1
CCC(=O)N(c1ccccc1)C1(C(=O)OC)CCN(CCC(=O)OC)CC1,1
CC1CCN(CCCC(=O)c2ccc(F)cc2)CC1,1
CCC(=C(c1ccccc1)c1ccc(OCCN(C)C)cc1)c1ccccc1,1
CC1C=CC=CC=CC=CC=CC=CC=CC(OC2OC(C)C(O)C(N)C2O)CC2OC(O)(CC(O)CC(O)C(O)CCC(O)CC(O)CC(=O)OC(C)C(C)C1O)CC(O)C2C(=O)O,1
CC1OC(OC2C(CO)OC(OC3C(CO)OC(O)C(O)C3O)C(O)C2O)C(O)C(O)C1NC1C=C(CO)C(O)C(O)C1O,1
CC1OC(n2cc(F)c(=O)[nH]c2=O)C(O)C1O,1
CC1COc2c(C3(N)CC3)c(F)cc3c(=O)c(C(=O)O)cn1c23,1
CC1COc2c(N3CCN(C)CC3)c(F)cc3c(=O)c(C(=O)O)cn1c23,1
CC1CN(c2cc3c(cc2F)c(=O)c(C(=O)O)cn3-c2ccc(F)cc2F)CCN1,1
CC1OC1P(=O)(O)O,1
Cc1ccc(C(=O)c2ccc(CC(=O)O)n2C)cc1,1
Cn1c(CNc2ccc(C(=N)N)cc2)nc2cc(C(=O)N(CCC(=O)O)c3ccccn3)ccc21,1
Cn1cnc([N+](=O)[O-])c1Sc1ncnc2nc[nH]c12,1
NC1=NC(=O)C(c2ccccc2)O1,1
Nc1ccn(C2CSC(CO)O2)c(=O)n1,1
Nc1ccn(C2OC(CO)C(O)C2(F)F)c(=O)n1,1
Nc1ccn(C2OC(CO)C(O)C2O)c(=O)n1,1
Nc1nnc(-c2cccc(Cl)c2Cl)c(N)n1,1
Nc1nc(N)c2nc(-c3ccccc3)c(N)nc2n1,1
Nc1nc(NC2CC2)c2ncn(C3C=CC(CO)C3)c2n1,1
Nc1ncnc2c1ncn2CCOCP(=O)(O)O,1
Nc1nc2c(ncn2COCCO)c(=O)[nH]1,1
Nc1nc2nc[nH]c2c(=S)[nH]1,1
Nc1nc2ccc(OC(F)(F)F)cc2s1,1
NC1=NCC2c3ccccc3Cc3ccccc3N12,1
NC1C(O)OC(CO)C(O)C1O,1
NC1C2CN(c3nc4c(cc3F)c(=O)c(C(=O)O)cn4-c3ccc(F)cc3F)CC12,1
NC1CC1c1ccccc1,1
NCC(=O)CCC(=O)O,1
NCC(CC(=O)O)c1ccc(Cl)cc1,1
NS(=O)(=O)c1cc2c(cc1Cl)NCNS2(=O)=O,1
NS(=O)(=O)c1cc2c(cc1Cl)N=CNS2(=O)=O,1
NS(=O)(=O)c1cc2c(cc1Cl)NC(C1CC3C=CC1C3)NS2(=O)=O,1
NS(=O)(=O)c1cc2c(cc1Cl)NC(C(Cl)Cl)NS2(=O)=O,1
NS(=O)(=O)c1cc2c(cc1C(F)(F)F)NC(Cc1ccccc1)NS2(=O)=O,1
NNCCc1ccccc1,1
Nc1nc(N)nc(-c2cc(Cl)ccc2Cl)n1,1
NNc1nncc2ccccc12,1
NCCCCC(NC(CCc1ccccc1)C(=O)O)C(=O)N1CCCC1C(=O)O,1
NCCCC(O)(P(=O)(O)O)P(=O)(O)O,1
NCCC(O)C(=O)NC1CC(N)C(OC2OC(CN)CCC2N)C(O)C1OC1OC(CO)C(O)C(N)C1O,1
NCC1OC(OC2C(N)CC(N)C(OC3OC(CO)C(O)C(N)C3O)C2O)C(N)CC1O,1
NCc1cccnc1,1
NCC1(CC(=O)O)CCCCC1,1
NNC(=O)c1ccncc1,1
NS(=O)(=O)Cc1noc2ccccc12,1
C=CC1=C(C(=O)O)N2C(=O)C(NC(=O)C(=NO)c3csc(N)n3)C2SC1,1
Nc1ccc(S(N)(=O)=O)cc1,1
N=C(N)NC(=O)c1nc(Cl)c(N)nc1N,1
N=C(N)Nc1ccc(C(=O)Oc2ccc3cc(C(=N)N)ccc3c2)cc1,1
NC(=O)c1ncn(C2OC(CO)C(O)C2O)c1O,1
NC(=O)c1cnccn1,1
NC(=O)C1CCN(CCCN2c3ccccc3Sc3ccc(Cl)cc32)CC1,1
NC(=O)CN1CCCC1=O,1
NC(=O)C[S+]([O-])C(c1ccccc1)c1ccccc1,1
NC(=O)N1c2ccccc2C=Cc2ccccc21,1
NC(=O)N1c2ccccc2CC(=O)c2ccccc21,1
NC(=O)NO,1
NC(=O)NS(=O)(=O)c1ccc(N)cc1,1
NC(=O)OCC(COC(N)=O)c1ccccc1,1
NC(C(=O)NC1C(=O)N2C(C(=O)O)=C(Cl)CCC12)c1ccccc1,1
NC(C(=O)NC1C(=O)N2C(C(=O)O)=C(Cl)CSC12)c1ccccc1,1
NC(C(=O)O)C(O)c1ccc(O)c(O)c1,1
NC(CC(=O)N1CCn2c(nnc2C(F)(F)F)C1)Cc1cc(F)c(F)cc1F,1
NC(Cc1cc(I)c(Oc2cc(I)c(O)c(I)c2)c(I)c1)C(=O)O,1
Nc1ccc(S(=O)(=O)Nc2nccs2)cc1,1
Nc1ccc(S(=O)(=O)Nc2ncccn2)cc1,1
Nc1ccc(S(=O)(=O)c2ccc(N)cc2)cc1,1
Nc1ccc(C(=O)O)c(O)c1,1
Nc1ncnc2c1ncn2C1OC(CO)CC1F,1
Nc1cccc2c1CN(C1CCC(=O)NC1=O)C2=O,1
Nc1ccc(O)c(C(=O)O)c1,1
Nc1c2c(nc3ccccc13)CCCC2,1
Nc1c(CC(=O)O)cccc1C(=O)c1ccc(Br)cc1,1
NC(N)=Nc1nc(CSCCC(N)=NS(N)(=O)=O)cs1,1
NC(N)=Nc1nc(CSCC/N=C/NS(=O)(=O)c2ccc(Br)cc2)cs1,1
NC(CSCCCO)C(=O)O,1
NC(CCC(=O)NC(CS)C(=O)NCC(=O)O)C(=O)O,1
NC(Cc1ccc(N(CCCl)CCCl)cc1)C(=O)O,1
Nc1c(Br)cc(Br)cc1CNC1CCC(O)CC1,1
O=C(CCNNC(=O)c1ccncc1)NCc1ccccc1,1
O=C(C[S+]([O-])Cc1ccco1)NCC=CCOc1cc(CN2CCCCC2)ccn1,1
O=C(Nc1cccc2c(=O)cc(-c3nnn[nH]3)oc12)c1ccc(OCCCCc2ccccc2)cc1,1
O=C(CCCN1CCC(O)(c2ccc(Cl)cc2)CC1)c1ccc(F)cc1,1
OC1(c2ccc(Cl)cc2)c2ccccc2C2=NCCN21,1
Oc1c(Cl)cc(Cl)c(Cl)c1Cc1c(O)c(Cl)cc(Cl)c1Cl,1
Oc1c(Cl)cc(Cl)cc1Sc1cc(Cl)cc(Cl)c1O,1
Oc1cc(O)cc(O)c1,1
O=C(c1cc(O)c(O)c(O)c1)c1ccc(O)c(O)c1O,1
O=C1Nc2ccccc2C1(c1ccc(O)cc1)c1ccc(O)cc1,1
Oc1cccc2cccnc12,1
Oc1ncnc2[nH]ncc12,1
OC1COC2C(O)COC12,1
O=C(CO)NCCCOc1cccc(CN2CCCCC2)c1,1
OCC(CO)NC1CC(O)(CO)C(O)C(O)C1O,1
OCC(O)CO,1
O=C(OCC(O)CO)c1ccccc1Nc1ccnc2cc(Cl)ccc12,1
C=CCO,1
O=c1[nH]cnc2c1ncn2C1CCC(CO)O1,1
O=c1[nH]c(=O)n(C2CC(O)C(CO)O2)cc1F,1
S=P(N1CC1)(N1CC1)N1CC1,1
S=c1[nH]cnc2[nH]cnc12,1
S=C=Nc1cccc2ccccc12,1
O=C1NC(c2ccccc2)(c2ccccc2)C(=O)N1COP(=O)(O)O,1
O=P(O)(O)OC(Cn1cncn1)(Cn1cncn1)c1ccc(F)cc1F,1
O=P(O)(O)C(Cl)(Cl)P(=O)(O)O,1
O=C(O)c1cc(=O)c2c(OCC(O)COc3cccc4oc(C(=O)O)cc(=O)c34)cccc2o1,1
OCCOCCN1CCN(C2=Nc3ccccc3Sc3ccccc32)CC1,1
O=C1c2c(O)ccc(O)c2C(=O)c2c(NCCNCCO)ccc(NCCNCCO)c21,1
OCCN1CCN(CCCN2c3ccccc3Sc3ccc(Cl)cc32)CC1,1
OCCN1CCN(CCC=C2c3ccccc3Sc3ccc(C(F)(F)F)cc32)CC1,1
O=C(O)c1cc(O)c2c(c1)C(C1c3cc(C(=O)O)cc(O)c3C(=O)c3c(OC4OC(CO)C(O)C(O)C4O)cccc31)c1cccc(OC3OC(CO)C(O)C(O)C3O)c1C2=O,1
OCC1OC(n2cnc3c2N=CNCC3O)CC1O,1
O=c1[nH]c(=O)n(C2CC(O)C(CO)O2)cc1I,1
OCCO,1
OC(Cn1cncn1)(Cn1cncn1)c1ccc(F)cc1F,1
O=P(O)(O)C(O)(Cn1ccnc1)P(=O)(O)O,1
O=C1C(CCC(O)c2ccc(F)cc2)C(c2ccc(O)cc2)N1c1ccc(F)cc1,1
O=C(O)c1cc(N=Nc2ccc(S(=O)(=O)Nc3ccccn3)cc2)ccc1O,1
O=C(O)c1cc(-c2ccccc2)nc2ccccc12,1
O=C(Oc1ccccc1C(=O)O)c1ccccc1O,1
O=C(O)c1ccccc1O,1
O=C(O)c1cc(-c2ccc(F)cc2F)ccc1O,1
O=C(O)C=Cc1ccc(Cn2ccnc2)cc1,1
O=C(O)c1cc(N=Nc2ccc(O)c(C(=O)O)c2)ccc1O,1
O=C(O)C(S)C(S)C(=O)O,1
O=C(O)C(CC(=O)N1CC2CCCCC2C1)Cc1ccccc1,1
O=C1Oc2ccccc2C(=O)C1CC1C(=O)Oc2ccccc2C1=O,1
O=C([O-])C(=O)[O-].[NH-][C@@H]1CCCC[C@H]1[NH-].[Pt+4],1
O=c1[nH]c2ccccc2n1CCCN1CCN(C(c2ccccc2)c2ccccc2)CC1,1
O=C1NC(=O)C(c2ccccc2)(c2ccccc2)N1,1
O=C1CCC(N2C(=O)c3ccccc3C2=O)C(=O)N1,1
O=C(NC(Cc1cc(=O)[nH]c2ccccc12)C(=O)O)c1ccc(Cl)cc1,1
N=C(N)NC(=N)NCCc1ccccc1,1
O=C(O)c1ccc(-n2nc(-c3ccccc3O)nc2-c2ccccc2O)cc1,1
O=C(O)c1cccnc1Nc1cccc(C(F)(F)F)c1,1
OC(c1cc(C(F)(F)F)nc2c(C(F)(F)F)cccc12)C1CCCCN1,1
O=C(O)COCCN1CCN(C(c2ccccc2)c2ccc(Cl)cc2)CC1,1
O=C(O)COc1nn(Cc2ccccc2)c2ccccc12,1
O=C(O)COc1ccc(C(=O)c2cccs2)c(Cl)c1Cl,1
O=C(O)COC(=O)Cc1ccccc1Nc1c(Cl)cccc1Cl,1
O=C(O)CCCCCCNC1c2ccccc2CCc2ccccc21,1
O=C(O)c1cccnc1,1
O=C(O)CCCc1ccc(N(CCCl)CCCl)cc1,1
O=C(O)Cc1csc(-c2ccc(Cl)cc2)n1,1
C=CCOc1ccc(CC(=O)O)cc1Cl,1
O=C(O)Cc1cc(I)c(Oc2ccc(O)c(I)c2)c(I)c1,1
O=C(O)Cc1ccccc1Nc1c(Cl)cccc1Cl,1
O=C(c1ccccc1)c1ccc2n1CCC2C(=O)O,1
O=C(O)c1cn(C2CC2)c2cc(N3CCNCC3)c(F)cc2c1=O,1
O=C(O)CCc1nc(-c2ccccc2)c(-c2ccccc2)o1,1
N=C(N)c1ccc(OCCCCCOc2ccc(C(=N)N)cc2)cc1,1
N#CN,1
c1ccc2c(c1)Nc1ccccc1S2,1
CNCCC=C1c2ccccc2CCc2ccccc21,1
CNCCc1ccccn1,1
CNNCc1ccc(C(=O)NC(C)C)cc1,1
COC(=O)C(c1ccccc1)C1CCCCN1,1
COC(=O)C(c1ccccc1Cl)N1CCc2sccc2C1,1
COC(=O)C1=C(C)N=C(C)C(C(=O)OC(C)(C)CN(C)CCC(c2ccccc2)c2ccccc2)C1c1cccc([N+](=O)[O-])c1,1
COC(=O)C1=C(C)N=C(C)C(C(=O)OC2CCCN(Cc3ccccc3)C2)C1c1cccc([N+](=O)[O-])c1,1
COC(=O)C1=C(C)N=C(C)C(C(=O)OCCN2CCN(C(c3ccccc3)c3ccccc3)CC2)C1c1cccc([N+](=O)[O-])c1,1
COC(=O)C1=C(C)N=C(C)C(C(=O)OC(C)C)C1c1cccc2nonc12,1
COC(=O)C1=C(C)N=C(C)C(C(=O)OC)C1c1ccccc1[N+](=O)[O-],1
COC(=O)C1C(OC(=O)c2ccccc2)CC2CCC1N2C,1
COC(=O)NC(C(=O)NC(Cc1ccccc1)C(O)CN(Cc1ccc(-c2ccccn2)cc1)NC(=O)C(NC(=O)OC)C(C)(C)C)C(C)(C)C,1
COC(=O)Nc1nc2cc(C(=O)c3ccccc3)ccc2[nH]1,1
COC(C(=O)C(O)C(C)O)C1Cc2cc3cc(OC4CC(OC5CC(O)C(O)C(C)O5)C(O)C(C)O4)c(C)c(O)c3c(O)c2C(=O)C1OC1CC(OC2CC(OC3CC(C)(O)C(O)C(C)O3)C(O)C(C)O2)C(O)C(C)O1,1
COC(F)(F)C(Cl)Cl,1
COC1(NC(=O)CSC(F)F)C(=O)N2C(C(=O)O)=C(CSc3nnnn3CCO)COC21,1
COC1(NC(=O)CSCC#N)C(=O)N2C(C(=O)O)=C(CSc3nnnn3C)CSC21,1
COc1c(N2CC3CCCNC3C2)c(F)cc2c(=O)c(C(=O)O)cn(C3CC3)c12,1
COc1cc2c(c3oc(=O)c4c(c13)CCC4=O)C1C=COC1O2,1
COc1ccccc1OCCNCC(O)COc1cccc2[nH]c3ccccc3c12,1
COc1cc2ncnc(Nc3ccc(F)c(Cl)c3)c2cc1OCCCN1CCOCC1,1
COc1c(OC2OC(CO)C(O)C(O)C2O)cc2c(c1OC)-c1ccc(SC)c(=O)cc1C(NC(C)=O)CC2,1
COc1cc2c(cc1OC)C(=O)C(CC1CCN(Cc3ccccc3)CC1)C2,1
CNCCC(Oc1ccccc1C)c1ccccc1,1
COc1ccc(C(=O)NCc2ccc(OCCN(C)C)cc2)cc1OC,1
COc1ccnc(C[S+]([O-])c2nc3cc(OC(F)F)ccc3[nH]2)c1OC,1
COc1cc(C(=O)NS(=O)(=O)c2ccccc2C)ccc1Cc1cn(C)c2ccc(NC(=O)OC3CCCC3)cc12,1
COc1c(C)c2c(c(O)c1CC=C(C)CCC(=O)OCCN1CCOCC1)C(=O)OC2,1
COc1ccc2c(C(=S)N(C)CC(=O)O)cccc2c1C(F)(F)F,1
COc1ccc(Cl)cc1C(=O)NCCc1ccc(S(=O)(=O)NC(=O)NC2CCCCC2)cc1,1
COc1cc(C)c(C=CC(C)=CC=CC(C)=CC(=O)O)c(C)c1C,1
COc1ccc(CN2CCNCC2)c(OC)c1OC,1
CNCCC(Oc1ccc(C(F)(F)F)cc1)c1ccccc1,1
CNCCC(Oc1cccc2ccccc12)c1cccs1,1
CNCC(O)c1cccc(O)c1,1
CN1CCC(Nc2ncc3ncnc(Nc4ccc(F)c(Cl)c4)c3n2)CC1,1
CN1CCC(=C2c3ccccc3CCc3cccnc32)CC1,1
CN1CCC(=C2c3ccccc3C=Cc3ccccc32)CC1,1
CN1CC=NC1=S,1
CN1Cc2c(N)cccc2C(c2ccccc2)C1,1
CN1C(=O)CC(=O)N(c2ccccc2)c2cc(Cl)ccc21,1
CN1CCN(C(=O)OC2c3nccnc3C(=O)N2c2ccc(Cl)cn2)CC1,1
CN1C(=O)C(O)N=C(c2ccccc2Cl)c2cc(Cl)ccc21,1
Cc1nc[nH]c1CN1CCc2c(c3ccccc3n2C)C1=O,1
Cc1nccn1CC1CCc2c(c3ccccc3n2C)C1=O,1
CN1c2ccccc2C(NCCCCCCC(=O)O)c2ccc(Cl)cc2S1(=O)=O,1
CN1C(=O)CN=C(C2=CCCCC2)c2cc(Cl)ccc21,1
CN1C(=O)CN=C(c2ccccc2F)c2cc([N+](=O)[O-])ccc21,1
Cn1cnc2c1c(=O)[nH]c(=O)n2C,1
CN1c2c(oc(=O)n(-c3ccccn3)c2=O)-c2ccccc2S1(=O)=O,1
COc1nc(N)nc2c1ncn2C1OC(CO)C(O)C1O,1
CN1CCN(C(c2ccccc2)c2ccc(Cl)cc2)CC1,1
CN1CCN(C2=Nc3cc(Cl)ccc3Nc3ccccc32)CC1,1
CNC1CCC(c2ccc(Cl)c(Cl)c2)c2ccccc21,1
CNC1C(O)C(OC2C(NC(=O)C(O)CN)CC(N)C(OC3OC(CN)C(O)C(O)C3O)C2O)OCC1(C)O,1
CNC1=Nc2ccc(Cl)cc2C(c2ccccc2)=[N+]([O-])C1,1
CNC1(c2ccccc2Cl)CCCCC1=O,1
CNC(=NC#N)NCCSCc1nc[nH]c1C,1
CNC(=O)c1ccccc1Sc1ccc2c(C=Cc3ccccn3)n[nH]c2c1,1
Cc1cc2c(s1)Nc1ccccc1N=C2N1CCN(C)CC1,1
CNC(=O)c1cc(Oc2ccc(NC(=O)Nc3ccc(Cl)c(C(F)(F)F)c3)cc2)ccn1,1
Cn1nnc2c(C(N)=O)ncn2c1=O,1
CC(=O)N=c1sc(S(N)(=O)=O)nn1C,1
CN1CCOC(c2ccccc2)c2ccccc2C1,1
CN1CCN2c3ncccc3Cc3ccccc3C2C1,1
CN1CCN(CCCN2c3ccccc3Sc3ccc(Cl)cc32)CC1,1
Cc1ccc(NC(=O)c2ccc(CN3CCN(C)CC3)cc2)cc1Nc1nccc(-c2cccnc2)n1,1
Cn1nnnc1SCC1=C(C(=O)O)N2C(=O)C(NC(=O)C(O)c3ccccc3)C2SC1,1
CC(O)C(CO)NC(=O)C1CSSCC(NC(=O)C(N)Cc2ccccc2)C(=O)NC(Cc2ccccc2)C(=O)NC(Cc2c[nH]c3ccccc23)C(=O)NC(CCCCN)C(=O)NC(C(C)O)C(=O)N1,1
COc1c2occc2cc2ccc(=O)oc12,1
COc1cc(C2c3cc4c(cc3C(OC3OC5COC(c6cccs6)OC5C(O)C3O)C3COC(=O)C23)OCO4)cc(OC)c1O,1
COc1cccc2c1C(=O)c1c(O)c3c(c(O)c1C2=O)CC(O)(C(=O)CO)CC3OC1CC(N)C(O)C(C)O1,1
COCc1c(C(C)C)nc(C(C)C)c(C=CC(O)CC(O)CC(=O)O)c1-c1ccc(F)cc1,1
COCCc1ccc(OCC(O)CNC(C)C)cc1,1
COCCCOc1cc(CC(CC(N)C(O)CC(C(=O)NCC(C)(C)C(N)=O)C(C)C)C(C)C)ccc1OC,1
COCCCOc1ccnc(C[S+]([O-])c2nc3ccccc3[nH]2)c1C,1
COCCOC(=O)C1=C(C)N=C(C)C(C(=O)OCC=Cc2ccccc2)C1c1cccc([N+](=O)[O-])c1,1
C#Cc1cccc(Nc2ncnc3cc(OCCOC)c(OCCOC)cc23)c1,1
CON=C(C(=O)NC1C(=O)N2C(C(=O)[O-])=C(C[N+]3(C)CCCC3)CSC12)c1csc(N)n1,1
CON=C(C(=O)NC1C(=O)N2C(C(=O)[O-])=C(C[n+]3cccc4c3CCC4)CSC12)c1csc(N)n1,1
CON=C(C(=O)NC1C(=O)N2C(C(=O)O)=C(COC(C)=O)CSC12)c1csc(N)n1,1
CON=C(C(=O)NC1C(=O)N2C(C(=O)O)=C(COC(N)=O)CSC12)c1ccco1,1
CON=C(C(=O)NC1C(=O)N2C(C(=O)O)=C(CSc3nc(=O)c(O)nn3C)CSC12)c1csc(N)n1,1
CON=C1CN(c2nc3c(cc2F)c(=O)c(C(=O)O)cn3C2CC2)CC1CN,1
CS(=O)(=O)c1ccc(C(=O)Nc2ccc(Cl)c(-c3ccccn3)c2)c(Cl)c1,1
CS(=O)(=O)c1ccc(C2=C(c3ccccc3)C(=O)OC2)cc1,1
CS(=O)(=O)c1ccc2c(c1)N(CCCN1CCC(C(N)=O)CC1)c1ccccc1S2,1
CS(=O)(=O)CCNCc1ccc(-c2ccc3ncnc(Nc4ccc(OCc5cccc(F)c5)c(Cl)c4)c3c2)o1,1
c1ccc2[nH]c(-c3cscn3)nc2c1,1
N#Cc1ccc(C(c2ccc(C#N)cc2)n2cncn2)cc1,1
O=C1N=CC(F)C(=O)N1,1
Fc1ccc(C2CCNCC2COc2ccc3c(c2)OCO3)cc1,1
O=C1c2ccccc2C(=O)C1c1ccc(F)cc1,1
O=C1NCN(c2ccccc2)C12CCN(CCCC(c1ccc(F)cc1)c1ccc(F)cc1)CC2,1
COC1C(=O)C2(C)C(OC)CC3OCC3(OC(C)=O)C2C(OC(=O)c2ccccc2)C2(O)CC(OC(=O)C(O)C(NC(=O)OC(C)(C)C)c3ccccc3)C(C)=C1C2(C)C,1
FC(F)OC(F)C(F)(F)F,1
O=C(NCC1CCCCN1)c1cc(OCC(F)(F)F)ccc1OCC(F)(F)F,1
O=C1Nc2ccc(Cl)cc2C(C#CC2CC2)(C(F)(F)F)O1,1
FC(F)(F)C(Cl)Br,1
CSc1ccc2c(c1)N(CCC1CCCCN1C)c1ccccc1S2,1
CS(=O)(=O)OCCCCOS(C)(=O)=O,1
CS(=O)(=O)Nc1ccc([N+](=O)[O-])cc1Oc1ccccc1,1
FC(F)OC(F)(F)C(F)Cl,1
COC1CC(OC2C(C)C(=O)OC(C)C(C)C(OC(C)=O)C(C)C(=O)C3(CO3)CC(C)C(OC3OC(C)CC(N(C)C)C3OC(C)=O)C2C)OC(C)C1OC(C)=O,1
C=CCC1C=C(C)CC(C)CC(OC)C2OC(O)(C(=O)C(=O)N3CCCCC3C(=O)OC(C(C)=CC3CCC(O)C(OC)C3)C(C)C(O)CC1=O)C(C)CC2OC,1
COC1CC2CCC(C)C(O)(O2)C(=O)C(=O)N2CCCCC2C(=O)OC(C(C)CC2CCC(O)C(OC)C2)CC(=O)C(C)C=C(C)C(O)C(OC)C(=O)C(C)CC(C)C=CC=CC=C1C,1
COc1ccc2c(c1)c(CC(=O)OCC(=O)O)c(C)n2C(=O)c1ccc(Cl)cc1,1
COc1ccc(CCN(C)CCCC(C#N)(c2ccc(OC)c(OC)c2)C(C)C)cc1OC,1
COc1ccc(Cc2nccc3cc(OC)c(OC)cc23)cc1OC,1
CC=Cc1ccc(OC)cc1,1
COc1ccc(C=CC(=O)Nc2ccccc2C(=O)O)cc1OC,1
COc1ccc(C2Sc3ccccc3N(CCN(C)C)C(=O)C2OC(C)=O)cc1,1
COc1cccc(OC)c1C(=O)NC1C(=O)N2C1SC(C)(C)C2C(=O)O,1
COc1ccc(C(CN(C)C)C2(O)CCCCC2)cc1,1
COc1cc(OC)c(C(=O)CCCN2CCCC2)c(OC)c1,1
COc1cc(NS(C)(=O)=O)ccc1Nc1c2ccccc2nc2ccccc12,1
COc1cccc(CCc2ccccc2OCC(CN(C)C)OC(=O)CCC(=O)O)c1,1
COc1cc(Cc2cnc(N)nc2N)cc(OC)c1OC,1
COc1cc(C=CC(=O)CC(=O)C=Cc2ccc(O)c(OC)c2)ccc1O,1
COc1cc(C(=O)NC2CCCNC2)cc(OC)c1OC,1
COC1=CC(=O)CC(C)C12Oc1c(Cl)c(OC)cc(OC)c1C2=O,1
COc1cc(C2c3cc4c(cc3C(OC3OC5COC(C)OC5C(O)C3O)C3COC(=O)C23)OCO4)cc(OC)c1O,1
COc1ccccc1N1CCN(CCCN=C2CC(=O)N(C)C(=O)N2C)CC1,1
COc1cccc2c1C(=O)c1c(O)c3c(c(O)c1C2=O)CC(O)(C(=O)CO)CC3OC1CC(N)C(OC2CCCCO2)C(C)O1,1
COC1C=COC2(C)Oc3c(C)c(O)c4c(O)c(c(C=NN5CCN(C)CC5)c(O)c4c3C2=O)NC(=O)C(C)=CC=CC(C)C(O)C(C)C(O)C(C)C(OC(C)=O)C1C,1
COC1C=COC2(C)Oc3c(C)c(O)c4c(c3C2=O)C2=NC3(CCN(CC(C)C)CC3)N=C2C(NC(=O)C(C)=CC=CC(C)C(O)C(C)C(O)C(C)C(OC(C)=O)C1C)C4=O,1
COC1C(OC(N)=O)C(O)C(Oc2ccc3c(c2C)OC(=O)C(=NC(=O)c2ccc(O)c(CC=C(C)C)c2)C3O)OC1(C)C,1
COC1C(OC(C)=O)CC(=O)OC(C)CC=CC=CC(O)C(C)CC(CC=O)C1OC1OC(C)C(OC2CC(C)(O)C(OC(=O)CC(C)C)C(C)O2)C(N(C)C)C1O,1
COC12CC(COC(=O)c3cncc(Br)c3)CN(C)C1Cc1cn(C)c3cccc2c13,1
COc1nc(C)nc(Cl)c1NC1=NCCN1,1
COc1ccccc1Oc1c(NS(=O)(=O)c2ccc(C(C)(C)C)cc2)nc(-c2ncccn2)nc1OCCO,1
COc1ccc2cc(C(C)C(=O)O)ccc2c1,1
COc1ccc2[nH]c([S+]([O-])Cc3ncc(C)c(OC)c3C)nc2c1,1
C=CC1CN2CCC1CC2C(O)c1ccnc2ccc(OC)cc12,1
COc1cc2nc(N(C)CCCNC(=O)C3CCCO3)nc(N)c2cc1OC,1
COc1ccc2c(c1)c(CC(=O)O)c(C)n2C(=O)c1ccc(Cl)cc1,1
COc1ccc2c(C(=O)c3ccc(Cl)cc3)c(C)n(CC(=O)O)c2c1,1
COc1cccc2c1C1CN(CCCCn3c(=O)[nH]c4c(sc5ncc(-c6ccccc6)nc54)c3=O)CC1CO2,1
COc1ccc2c(c1)N(CC(C)CN(C)C)c1ccccc1S2,1
CC(O)(CS(=O)(=O)c1ccc(F)cc1)C(=O)Nc1ccc(C#N)c(C(F)(F)F)c1,1
CC1NCc2cc(-c3ccc4c(=O)c(C(=O)O)cn(C5CC5)c4c3OC(F)F)ccc21,1
CC(NCCc1ccc(O)cc1)C(O)c1ccc(O)cc1,1
CC(NN)c1ccccc1,1
CC(=O)C1(O)CCC2C3C=C(Cl)C4=CC(=O)C5CC5C4(C)C3CCC21C,1
CC(=O)C1(O)CCC2C3C=C(Cl)C4=CC(=O)CCC4(C)C3CCC21C,1
CC(=O)c1ccc(S(=O)(=O)NC(=O)NC2CCCCC2)cc1,1
CC(=O)c1ccc2c(c1)N(CCCN1CCC(CCO)CC1)c1ccccc1S2,1
CC(=O)C1CCC2C3C=CC4=CC(=O)CCC4(C)C3CCC12C,1
CC(=O)C1CCC2C3CCC4=CC(=O)CCC4(C)C3CCC12C,1
CC(=O)CC(c1ccc([N+](=O)[O-])cc1)C1C(=O)Oc2ccccc2C1=O,1
CC(=O)CC(c1ccccc1)C1C(=O)Oc2ccccc2C1=O,1
CC(=O)N(O)CCCCCNC(=O)CCC(=O)N(O)CCCCCNC(=O)CCC(=O)N(O)CCCCCN,1
CC(=O)N1CCN(c2ccc(OCC3COC(Cn4ccnc4)(c4ccc(Cl)cc4Cl)O3)cc2)CC1,1
CC(=O)Nc1cc([As](=O)(O)O)ccc1O,1
CC(=O)Nc1ccc(O)cc1,1
CC(=O)Nc1ccc2c(c1)Cc1ccccc1-2,1
CC(=O)Nc1nnc(S(N)(=O)=O)s1,1
CC(=O)NC1C(O)OC(CO)C(OS(=O)(=O)[O-])C1OC1OC(C(=O)[O-])C(O)C(O)C1O,1
CC(=O)NCC1CN(c2ccc(N3CCOCC3)c(F)c2)C(=O)O1,1
CC(=O)NCCCS(=O)(=O)O,1
CC(C(=O)O)c1cccc(Oc2ccccc2)c1,1
CC(C(=O)O)c1ccc(N2CC=CC2)c(Cl)c1,1
CC(C(=O)O)c1cccc(C(=O)c2ccccc2)c1,1
CC(=O)SCC(Cc1ccccc1)C(=O)NCC(=O)OCc1ccccc1,1
CC(=O)SC1CC2=CC(=O)CCC2(C)C2CCC3(C)C(CCC34CCC(=O)O4)C12,1
CC(=O)OCC1=C(C(=O)O)N2C(=O)C(NC(=O)Cc3cccs3)C2SC1,1
CC#CCC(C)C(O)C=CC1C(O)CC2Oc3c(CCCC(=O)O)cccc3C21,1
C#CC1(OC(C)=O)CCC2C3CCC4=CC(OC(C)=O)CCC4C3CCC21C,1
CC(=O)OC12COC1CC(O)C1(C)C(=O)C(O)C3=C(C)C(OC(=O)C(O)C(NC(=O)OC(C)(C)C)c4ccccc4)CC(O)(C(OC(=O)c4ccccc4)C21)C3(C)C,1
CC(=O)Oc1cc2c(s1)CCN(C(C(=O)C1CC1)c1ccccc1F)C2,1
CC(=O)Oc1cccc2c1C(=O)c1c(OC(C)=O)cc(C(=O)O)cc1C2=O,1
CC(=O)Oc1ccc(C2(c3ccc(OC(C)=O)cc3)C(=O)N(C(C)=O)c3ccccc32)cc1,1
CC(=O)Oc1ccc(C(=C2CCCCC2)c2ccc(OC(C)=O)cc2)cc1,1
CC(=O)Oc1ccccc1C(=O)O,1
CC(=O)OC1C(=O)C2(C)C(O)CC3OCC3(OC(C)=O)C2C(OC(=O)c2ccccc2)C2(O)CC(OC(=O)C(O)C(NC(=O)c3ccccc3)c3ccccc3)C(C)=C1C2(C)C,1
CC(C(=O)O)c1ccc(CC2CCCC2=O)cc1,1
CC#CCC(C)C(O)C=CC1C(O)CC2CC(=CCCCC(=O)O)CC21,1
c1ccc(C2(c3ccccc3)CC2C2=NCCN2)cc1,1
CO[C@]12CC[C@@]3(C[C@@H]1[C@](C)(O)C(C)(C)C)[C@H]1Cc4ccc(O)c5c4[C@@]3(CCN1CC1CC1)[C@H]2O5,1
c1cnc2cc3c(cc2n1)C1CNCC3C1,1
COc1ccc2c3c1OC1C(O)CCC4C(C2)N(C)CCC341,1
COc1cc2c(cc1O)CCNC21CSC2c3c(OC(C)=O)c(C)c4c(c3C(COC1=O)N1C(O)C3Cc5cc(C)c(OC)c(O)c5C(C21)N3C)OCO4,1
O=C1C2C3CCC(C3)C2C(=O)N1CCCCN1CCN(c2ncccn2)CC1,1
Cc1nnc(C(C)C)n1C1CC2CCC(C1)N2CCC(NC(=O)C1CCC(F)(F)CC1)c1ccccc1,1
CCC1(O)CC2CN(CCc3c([nH]c4ccccc34)C(C(=O)OC)(c3cc4c(cc3OC)N(C)C3C(O)(C(N)=O)C(O)C5(CC)C=CCN6CCC43C65)C2)C1,1
CCC1(O)CC2CN(CCc3c([nH]c4ccccc34)C(C(=O)OC)(c3cc4c(cc3OC)N(C=O)C3C(O)(C(=O)OC)C(OC(C)=O)C5(CC)C=CCN6CCC43C65)C2)C1,1
CNC(CC(C)C)C(=O)NC1C(=O)NC(CC(N)=O)C(=O)NC2C(=O)NC3C(=O)NC(C(=O)NC(C(=O)O)c4cc(O)cc(O)c4-c4cc3ccc4O)C(O)c3ccc(c(Cl)c3)Oc3cc2cc(c3OC2OC(CO)C(O)C(O)C2OC2CC(C)(N)C(O)C(C)O2)Oc2ccc(cc2Cl)C1O,1
CCC1OC(=O)C(C)C(OC2CC(C)(OC)C(O)C(C)O2)C(C)C(OC2OC(C)CC(N(C)C)C2O)C(C)(O)CC(C)C2NC(COCCOC)OC(C2C)C1(C)O,1
CCCC(CCC)C(=O)O.CCCC(CCC)C(=O)[O-].[Na+],1
O=C1CN(N=Cc2ccc(-c3ccc([N+](=O)[O-])cc3)o2)C(=O)N1,1
O=C1CN(N=Cc2ccc([N+](=O)[O-])o2)C(=O)N1,1
O=C(O)c1ccc(O)c(O)c1,1
C=CCOC=O,1
C/N=C(\C[N+](=O)[O-])NCCSCc1csc(CN(C)C)n1,1
C/N=C(\C[N+](=O)[O-])NCCSCc1ccc(CN(C)C)o1,1
C[N+]12CCCCC1CCC(=C(c1cccs1)c1cccs1)C2,1
c1ccc2c(c1)Sc1ccccc1N2CC1CN2CCC1CC2,1
C1COC(NC(C2CC2)C2CC2)=N1,1
C1CCC(C(CC2CCCCN2)C2CCCCC2)CC1,1
O=C1CN=C(c2ccccn2)c2cc(Br)ccc2N1,1
Brc1ccccc1,1
O=C(NCCO[N+](=O)[O-])c1cccnc1,1
O=C1CN=C(c2ccccc2Cl)c2cc([N+](=O)[O-])ccc2N1,1
O=C1CN=C(c2ccccc2)c2cc([N+](=O)[O-])ccc2N1,1
O=C1OCCN1N=Cc1ccc([N+](=O)[O-])o1,1
O=C(CCBr)N1CCN(C(=O)CCBr)CC1,1
CC(C(=O)O)c1ccc(C(=O)c2ccccc2)s1,1
CC(C(=O)O)c1ccc2oc(-c3ccc(Cl)cc3)nc2c1,1
CC(C(=O)O)c1ccc2c(c1)CC(=O)c1ccccc1S2,1
C=C1C(=CC=C2CCCC3(C)C2CCC3C(C)CCCC(C)C)CC(O)CC1O,1
CC(C)CN(CC(O)C(Cc1ccccc1)NC(=O)OC1COC2OCCC12)S(=O)(=O)c1ccc(N)cc1,1
Cc1nc(-c2ccc(OCC(C)C)c(C#N)c2)sc1C(=O)O,1
CC(C)COCC(CN(Cc1ccccc1)c1ccccc1)N1CCCC1,1
CC(C)N(CCC(C(N)=O)(c1ccccc1)c1ccccn1)C(C)C,1
CC(C)N=C1C=C2C(=Nc3ccccc3N2c2ccc(Cl)cc2)CC1=Nc1ccc(Cl)cc1,1
CC(C)n1c(C=CC(O)CC(O)CC(=O)O)c(-c2ccc(F)cc2)c2ccccc21,1
CC(C)Nc1ncccn1,1
CC(C)NCC(O)COc1ccc(CC(N)=O)cc1,1
CC(C)NNC(=O)c1ccncc1,1
CC(C)OC(=O)C(C)(C)Oc1ccc(C(=O)c2ccc(Cl)cc2)cc1,1
CC1=NC(N)=C(C(=O)OC2CN(C(c3ccccc3)c3ccccc3)C2)C(c2cccc([N+](=O)[O-])c2)C1C(=O)OC(C)C,1
CC(C=CC1=C(C)CCCC1(C)C)=CC=CC(C)=CC(=O)O,1
CC(c1ncncc1F)C(O)(Cn1cncn1)c1ccc(F)cc1F,1
CC(Cc1ccc(O)cc1)NCC(O)c1cc(O)cc(O)c1,1
CC(CCc1ccccc1)NCC(O)c1ccc(O)c(C(N)=O)c1,1
CC(CN(C)C)CN1c2ccccc2Sc2ccccc21,1
CC(NC(C)(C)C)C(=O)c1cccc(Cl)c1,1
Cc1cccc(C)c1OCC(C)N,1
CC(N)CCCC(C)(C)O,1
CC(N)C(=O)OC(C)(C)Cc1ccc(Cl)cc1,1
Cc1cccc(C)c1NC(=O)C(C)N,1
CC(C)CC1C(=O)N2CCCC2C2(O)OC(NC(=O)C3C=C4c5cccc6[nH]c(Br)c(c56)CC4N(C)C3)(C(C)C)C(=O)N12,1
CC(N)C(=O)NC(C)C(=O)NC1C2CN(c3nc4c(cc3F)c(=O)c(C(=O)O)cn4-c3ccc(F)cc3F)CC21,1
CC(c1cc2ccccc2s1)N(O)C(N)=O,1
CC(CS)C(=O)N1CCCC1C(=O)O,1
CC(COc1ccccc1)NN,1
CC(CN1c2ccccc2Sc2ccccc21)N(C)C,1
CC(Cn1cnc2c(N)ncnc21)OCP(=O)(O)O,1
CC(CN(C)C)CN1c2ccccc2Sc2ccc(C#N)cc21,1
CC(N)(Cc1ccc(O)c(O)c1)C(=O)O,1
CC(C)Cc1ccc(CC(=O)O)cc1,1
CC(C)Cc1ccc(C(C)C(=O)O)cc1,1
CC(C)CC(NC(=O)C(Cc1c[nH]c2ccccc12)NC(=O)C(Cc1ccc(O)cc1)NC(=O)C(CO)NC(=O)C(Cc1c[nH]c2ccccc12)NC(=O)C(Cc1c[nH]cn1)NC(=O)C1CCC(=O)N1)C(=O)NC(CCCNC(=N)N)C(=O)N1CCCC1C(=O)NCC(N)=O,1
CC(C)=CCCC(C)=CCCC(C)=CCCC(C)=CCC1=C(C)C(=O)c2ccccc2C1=O,1
CC(C)(S)C(N)C(=O)O,1
CC(C)(S)C(=O)NC(CS)C(=O)O,1
CC(C)(ON=C(C(=O)NC1C(=O)N2C(C(=O)[O-])=C(C[n+]3ccccc3)CSC12)c1csc(N)n1)C(=O)O,1
CC(C)(Oc1ccc(C2CC2(Cl)Cl)cc1)C(=O)O,1
CC(C)(O)c1ccccc1CCC(SCC1(CC(=O)O)CC1)c1cccc(C=Cc2ccc3ccc(Cl)cc3n2)c1,1
CC(=O)CCC=C(C)CCC=C(C)CCC=C(C)CCC=C(C)C,1
CC(C)(N)Cc1ccccc1,1
CC(C)(C)NC(=O)C1CCC2C3CCC4NC(=O)C=CC4(C)C3CCC12C,1
CC(C)(C)NC(=O)C1CC2CCCCC2CN1CC(O)C(Cc1ccccc1)NC(=O)C(CC(N)=O)NC(=O)c1ccc2ccccc2n1,1
CC(C)(C)c1ccc(C(=O)CCCN2CCC(OC(c3ccccc3)c3ccccc3)CC2)cc1,1
CC(C)(C)C(=O)OCOC(=O)C1N2C(=O)C(N=CN3CCCCCC3)C2SC1(C)C,1
CC(C)(C#N)c1cc(Cn2cncn2)cc(C(C)(C)C#N)c1,1
CC(C(=O)O)c1ccc2c(c1)Cc1cccnc1O2,1
CC(C)(C)NCC(O)c1cc(O)cc(O)c1,1
CC(C)=CCOc1ccc(C=CC(=O)c2ccc(OCC=C(C)C)cc2OCC(=O)O)cc1,1
CC(C)C(=O)Nc1ccc([N+](=O)[O-])c(C(F)(F)F)c1,1
CC(C)CC(NC(=O)C(Cc1ccccc1)NC(=O)c1cnccn1)B(O)O,1
CC(C)CC(N(C)C)C1(c2ccc(Cl)cc2)CCC1,1
CC(C)CC(CN)CC(=O)O,1
CC1=C2Oc3c(C)ccc(C(=O)NC4C(=O)NC(C(C)C)C(=O)N5CCCC5C(=O)N(C)CC(=O)N(C)C(C(C)C)C(=O)OC4C)c3N=C2C(C(=O)NC2C(=O)NC(C(C)C)C(=O)N3CCCC3C(=O)N(C)CC(=O)N(C)C(C(C)C)C(=O)OC2C)C(=N)C1=O,1
CC(C)C1NC(=O)C(CCCCN)NC(=O)C(Cc2c[nH]c3ccccc23)NC(=O)C(Cc2ccc(O)cc2)NC(=O)C(NC(=O)C(N)Cc2ccc3ccccc3c2)CSSCC(C(=O)NC(C(N)=O)C(C)O)NC1=O,1
CC(C)c1nc(N(C)S(C)(=O)=O)nc(-c2ccc(F)cc2)c1C=CC(O)CC(O)CC(=O)O,1
CC(C)C(=O)c1c(C(C)C)nn2ccccc12,1
CC(C)c1cccc(C(C)C)c1OCOP(=O)(O)O,1
CC(=O)Oc1cc(C(C)C)c(OCCN(C)C)cc1C,1
CC(C)c1c(C(=O)Nc2ccccc2)c(-c2ccccc2)c(-c2ccc(F)cc2)n1CCC(O)CC(O)CC(=O)O,1
CC(C)c1nc(CN(C)C(=O)NC(C(=O)NC(Cc2ccccc2)CC(O)C(Cc2ccccc2)NC(=O)OCc2cncs2)C(C)C)cs1,1
CC(C)C(N)C(=O)OCCOCn1cnc2c(=O)[nH]c(N)nc21,1
CC(C)C(Br)C(=O)NC(N)=O,1
CC(C)c1cccc(C(C)C)c1O,1
Cc1cccc(C)c1OCC(=O)NC(Cc1ccccc1)C(O)CC(Cc1ccccc1)NC(=O)C(C(C)C)N1CCCNC1=O,1
[Cl-].[Cl-].[Cu+2],0
CCC1(O)C(=O)OCc2c1cc1n(c2=O)Cc2cc3c(CN(C)C)c(O)ccc3nc2-1,0
CCC1=NC(=O)C2CSSCCC=CC(CC(=O)NC(C(C)C)C(=O)N2)OC(=O)C(C(C)C)NC1=O,0
CCCC(=O)OCOC(=O)C1C(C)=NC(C)=C(C(=O)OC)C1c1cccc(Cl)c1Cl,0
CCCC(C)(COC(N)=O)COC(=O)NC(C)C,0
CCCC(C)(COC(N)=O)COC(N)=O,0
CCCC(C)C1(CC)C(=O)N=C(S)NC1=O,0
C=CCC1(C(C)CCC)C(=O)NC(=O)NC1=O,0
CCCC(NC(C)C(=O)N1C(C(=O)O)CC2CCCCC21)C(=O)OCC,0
CCCc1nc(C(C)(C)O)c(C(=O)O)n1Cc1ccc(-c2ccccc2-c2nnn[nH]2)cc1,0
CCCc1nc(C)c2c(=O)nc(-c3cc(S(=O)(=O)N4CCN(CC)CC4)ccc3OCC)[nH]n12,0
CCCCC(CC)COC(=O)CC(C(=O)OCC(CC)CCCC)S(=O)(=O)O,0
CCCCC(F)(F)C1(O)CCC2C(CC(=O)C2CCCCCCC(=O)O)O1,0
CCCCC1(CC)C(=O)NC(=O)NC1=O,0
CCCCc1ncc(C=C(Cc2cccs2)C(=O)O)n1Cc1ccc(C(=O)O)cc1,0
CCCCS(=O)(=O)NC(Cc1ccc(OCCCCC2CCNCC2)cc1)C(=O)O,0
CCCCNc1ccc(C(=O)OCCN(C)C)cc1,0
CCCCNc1cc(C(=O)O)cc(S(N)(=O)=O)c1Oc1ccccc1,0
CCCCNC(=O)NS(=O)(=O)c1ccc(C)cc1,0
CCCCN1CC(O)C(O)C(O)C1CO,0
CCCCCOc1ccc(-c2ccc(-c3ccc(C(=O)NC4CC(O)C(O)NC(=O)C5C(O)C(C)CN5C(=O)C(C(C)O)NC(=O)C(C(O)C(O)c5ccc(O)cc5)NC(=O)C5CC(O)CN5C(=O)C(C(C)O)NC4=O)cc3)cc2)cc1,0
CCC1(CCC(C)C)C(=O)NC(=O)NC1=O,0
CCCCCOC(=O)Nc1nc(=O)n(C2OC(C)C(O)C2O)cc1F,0
CCCCCN(C)CCC(O)(P(=O)(O)O)P(=O)(O)O,0
CCCCCCCN(CC)CCCC(O)c1ccc(NS(C)(=O)=O)cc1,0
CCCCCCCCCCCCCCCC(=O)N[C@@H](CCC(=O)O)C(=O)NCCCC[C@H](NC(=O)[C@H](C)NC(=O)[C@H](C)NC(=O)[C@H](CCC(N)=O)NC(=O)CNC(=O)[C@H](CCC(=O)O)NC(=O)[C@H](CC(C)C)NC(=O)[C@H](Cc1ccc(O)cc1)NC(=O)[C@H](CO)NC(=O)[C@H](CO)NC(=O)[C@@H](NC(=O)[C@H](CC(=O)O)NC(=O)[C@H](CO)NC(=O)[C@@H](NC(=O)[C@H](Cc1ccccc1)NC(=O)[C@@H](NC(=O)CNC(=O)[C@H](CCC(=O)O)NC(=O)[C@H](C)NC(=O)[C@@H](N)Cc1cnc[nH]1)[C@@H](C)O)[C@@H](C)O)C(C)C)C(=O)N[C@@H](CCC(=O)O)C(=O)N[C@@H](Cc1ccccc1)C(=O)N[C@H](C(=O)N[C@@H](C)C(=O)N[C@@H](Cc1c[nH]c2ccccc12)C(=O)N[C@@H](CC(C)C)C(=O)N[C@H](C(=O)N[C@@H](CCCNC(=N)N)C(=O)NCC(=O)N[C@@H](CCCNC(=N)N)C(=O)NCC(=O)O)C(C)C)[C@@H](C)CC,0
CCCCCCCCC=CCCCCCCCC(=O)O,0
CCCCCCC(C)(C)c1cc(O)c2c(c1)OC(C)(C)C1CCC(=O)CC21,0
CCCCCC(C)(O)C=CC1C(O)CC(O)C1CC=CCCCC(=O)O,0
CCCCCNC(=N)N=NCc1c[nH]c2ccc(OC)cc12,0
CCCN(CCC)S(=O)(=O)c1ccc(C(=O)O)cc1,0
CCC1(c2ccc(N)cc2)CCC(=O)NC1=O,0
CCC1(c2ccccc2)C(=O)NCNC1=O,0
Cc1ncc2n1-c1ccc(Cl)cc1C(c1ccccc1F)=NC2,0
Cc1nc2c([nH]1)CCN(C(=O)c1ccc(NC(=O)c3ccccc3-c3ccccc3)cc1)c1ccccc1-2,0
Cc1nnc2n1-c1ccc(Cl)cc1C(c1ccccc1Cl)=NC2,0
CC12CCC(=O)C=C1CCC1C3CCC(O)(C(=O)CO)C3(C)CC(O)C12F,0
CC12CCC(=O)C=C1CCC1C2C(O)CC2(C)C1CCC2(O)C(=O)CO,0
CC12C=CC(=O)NC1CCC1C2CCC2(C)C(C(=O)Nc3cc(C(F)(F)F)ccc3C(F)(F)F)CCC12,0
CC1NC(=O)C(N)CNC(=O)C(C2CCNC(N)=N2)NC(=O)C(=CNC(N)=O)NC(=O)C(CNC(=O)CC(N)CCCN)NC1=O.NCCCC(N)CC(=O)NCC1NC(=O)C(CO)NC(=O)C(N)CNC(=O)C(C2CCNC(N)=N2)NC(=O)C(=CNC(N)=O)NC1=O,0
CC1C(NC(=O)C(=NOC(C)(C)C(=O)O)c2csc(N)n2)C(=O)N1S(=O)(=O)O,0
CC1C(c2ccccc2)OCCN1C,0
CC1C=CC=CCCC=CC=CC=CC=CC(OC2OC(C)C(O)C(N)C2O)CC2OC(O)(CC(O)C(O)CCC(O)CC(O)CC(O)CC(=O)OC(C)C(C)C1O)CC(O)C2C(=O)O,0
CC1Cc2ccccc2N1NC(=O)c1ccc(Cl)c(S(N)(=O)=O)c1,0
CC1CC2C3CCC4=CC(=O)C=CC4(C)C3(Cl)C(O)CC2(C)C1(O)C(=O)CCl,0
CC1CC2C3CCC4=CC(=O)C=CC4(C)C3(Cl)C(O)CC2(C)C1(O)C(=O)CO,0
CC1CNc2c(cccc2S(=O)(=O)NC(CCCNC(=N)N)C(=O)N2CCC(C)CC2C(=O)O)C1,0
CC1CN(CC(Cc2ccccc2)C(=O)NCC(=O)O)CCC1(C)c1cccc(O)c1,0
Cc1ccccc1N1C(=O)c2cc(S(N)(=O)=O)c(Cl)cc2NC1C,0
CC(=O)C1(O)Cc2c(O)c3c(c(O)c2C(OC2CC(N)C(O)C(C)O2)C1)C(=O)c1ccccc1C3=O,0
CCC(CO)NC(=O)C1C=C2c3cccc4[nH]cc(c34)CC2N(C)C1,0
CCC(CO)NC(=O)C1C=C2c3cccc4c3c(cn4C)CC2N(C)C1,0
CCC(C)CC(C)CCCCCCCCC(=O)NC1CC(O)C(NCCN)NC(=O)C2C(O)CCN2C(=O)C(C(O)CCN)NC(=O)C(C(O)C(O)c2ccc(O)cc2)NC(=O)C2CC(O)CN2C(=O)C(C(C)O)NC1=O,0
CCC(C)C1NC(=O)C(Cc2ccc(O)cc2)NC(=O)C(N)CSSCC(C(=O)N2CCCC2C(=O)NC(CC(C)C)C(=O)NCC(N)=O)NC(=O)C(CC(N)=O)NC(=O)C(CCC(N)=O)NC1=O,0
CCC(C)C(N)C1=NC(C(=O)NC(CC(C)C)C(=O)NC(CCC(=O)O)C(=O)NC(C(=O)NC2CCCCNC(=O)C(CC(N)=O)NC(=O)C(CC(=O)O)NC(=O)C(Cc3cnc[nH]3)NC(=O)C(Cc3ccccc3)NC(=O)C(C(C)CC)NC(=O)C(CCCN)NC2=O)C(C)CC)CS1,0
CCC(C)C.CCC(CC(C)c1ccccc1)c1ccc(C[N+](C)(C)C)cc1.N.[Cl-],0
CCC1(C)CC(=O)NC1=O,0
CCC(C(C)O)n1ncn(-c2ccc(N3CCN(c4ccc(OCC5COC(Cn6cncn6)(c6ccc(F)cc6F)C5)cc4)CC3)cc2)c1=O,0
CCC(=O)NCCC1CCc2ccc3c(c21)CCO3,0
CCC(=O)N(c1ccccc1)C1CCN(CCc2ccccc2)CC1,0
CCC(=O)N(c1ccccc1)C1(COC)CCN(CCc2cccs2)CC1,0
CCC(=O)C(CC(C)N(C)C)(c1ccccc1)c1ccccc1,0
C=C(CC)C(=O)c1ccc(OCC(=O)O)c(Cl)c1Cl,0
CC1OC(OC2C(O)CC(OC3C(O)CC(OC4CCC5(C)C(CCC6C5CC(O)C5(C)C(C7=CC(=O)OC7)CCC65O)C4)OC3C)OC2C)CC(O)C1O,0
CCC(c1cccc(O)c1)C(C)CN(C)C,0
CCCN1CC(CSC)CC2c3cccc4[nH]cc(c34)CC21,0
CCCNC1CCc2nc(N)sc2C1,0
CCN(C(C)=O)c1cccc(-c2ccnc3c(C#N)cnn23)c1,0
CN(C)C1C(=O)C(C(N)=O)C(=O)C2(O)C(=O)C3C(=O)c4c(O)ccc(Cl)c4C(O)C3CC12,0
CN(C)c1cc(NC(=O)CNC(C)(C)C)c(O)c2c1CC1CC3C(N(C)C)C(=O)C(C(N)=O)C(=O)C3(O)C(=O)C1C2=O,0
CN(C)CCC(c1ccc(Br)cc1)c1ccccn1,0
CN(C)CCC(c1ccc(Cl)cc1)c1ccccn1,0
CN(C)CCc1c[nH]c2ccc(CC3COC(=O)N3)cc12,0
CN(C)CCc1c[nH]c2ccc(Cn3cncn3)cc12,0
CN(C)CCc1c[nH]c2ccc(CS(=O)(=O)N3CCCC3)cc12,0
CN(C)CCOC(C)(c1ccccc1)c1ccccn1,0
CN(C)CCOC(c1ccc(Cl)cc1)c1ccccn1,0
Cc1ccccc1C(OCCN(C)C)c1ccccc1,0
CN(C)CCOC(c1ccccc1)c1ccccc1,0
C#CCN(C)Cc1ccccc1,0
CN(CCCl)CCCl,0
CN(CCOc1ccc(NS(C)(=O)=O)cc1)CCc1ccc(NS(C)(=O)=O)cc1,0
CN1C(=O)CC(C)(c2ccccc2)C1=O,0
Cc1cc(NC(=O)C2C(=O)c3ccccc3S(=O)(=O)N2C)no1,0
Cc1cc(CC(=O)O)n(C)c1C(=O)c1ccc(Cl)cc1,0
CN1CCCC1Cc1c[nH]c2ccc(CCS(=O)(=O)c3ccccc3)cc12,0
CN1CCc2cccc3c2C1Cc1ccc(O)c(O)c1-3,0
CN1CCC(=C2c3ccccc3CC(=O)c3sccc32)CC1,0
CN1CC(C(=O)NC2(C)OC3(O)C4CCCN4C(=O)C(Cc4ccccc4)N3C2=O)CC2c3cccc4[nH]cc(c34)CC21,0
CN1CC(C(=O)NC2(C)OC3(O)C4CCCN4C(=O)C(Cc4ccccc4)N3C2=O)C=C2c3cccc4[nH]cc(c34)CC21,0
CN1CC(=O)N2C(Cc3c([nH]c4ccccc34)C2c2ccc3c(c2)OCO3)C1=O,0
CN(C)C1C(=O)C(C(N)=O)C(=O)C2(O)C(=O)C3C(=O)c4c(O)ccc(Cl)c4C(C)(O)C3CC12,0
CN1C(=O)C(O)N=C(c2ccccc2)c2cc(Cl)ccc21,0
CN(C)CCOC(c1ccccc1)c1ccccc1.Cn1c(=O)c2[nH]c(Cl)nc2n(C)c1=O,0
Cn1c(=O)c2c(ncn2CC(O)CO)n(C)c1=O,0
CN1C(=O)CN=C(c2ccccc2)c2cc(Cl)ccc21,0
Cn1c(=O)c2c(ncn2C)n(C)c1=O,0
CN1C(CSCC(F)(F)F)Nc2cc(Cl)c(S(N)(=O)=O)cc2S1(=O)=O,0
Cn1c(CCCC(=O)O)nc2cc(N(CCCl)CCCl)ccc21,0
Cn1c(=O)c2[nH]cnc2n(C)c1=O,0
CN(C)C1C(=O)C(C(N)=O)C(=O)C2(O)C(=O)C3C(=O)c4c(O)cccc4C(C)(O)C3C(O)C12,0
CN(C)c1nc(N(C)C)nc(N(C)C)n1,0
CN(C)C(=O)Oc1cc(OC(=O)N(C)C)cc(C(O)CNC(C)(C)C)c1,0
CCOC(=O)c1ncn2c1CN(C)C(=O)c1cc(F)ccc1-2,0
CCOC(=O)C1(c2ccccc2)CCN(CCc2ccc(N)cc2)CC1,0
CCOC(=O)C1(c2ccccc2)CCN(CCC(C#N)(c2ccccc2)c2ccccc2)CC1,0
CCOC(=O)C1(c2ccccc2)CCN(C)CC1,0
CCOC(=O)C(CCc1ccccc1)NC(C)C(=O)N1Cc2cc(OC)c(OC)cc2CC1C(=O)O,0
C=CCN1CC(C(=O)N(CCCN(C)C)C(=O)NCC)CC2c3cccc4[nH]cc(c34)CC21,0
CCOC(=O)C1=CC(OC(CC)CC)C(NC(C)=O)C(N)C1,0
CCC(=O)N(c1ccccc1)C1(COC)CCN(CCn2nnn(CC)c2=O)CC1,0
CCN1CC(CCN2CCOCC2)C(c2ccccc2)(c2ccccc2)C1=O,0
CCn1cc(C(=O)O)c(=O)c2cc(F)c(N3CCNC(C)C3)c(F)c21,0
CCN(CC)CCOC(=O)C1(C2CCCCC2)CCCCC1,0
CCN(CC)CC(=O)Nc1c(C)cccc1C,0
CCN(CC)CC#CCOC(=O)C(O)(c1ccccc1)C1CCCCC1,0
CCN(CC)C(C)C(=O)c1ccccc1,0
CCN1CCN(C(=O)NC(C(=O)NC2C(=O)N3C2SC(C)(C)C3C(=O)O)c2ccccc2)C(=O)C1=O,0
Cc1cn(C2CC(O)C(CO)O2)c(=O)nc1O,0
CCOC(=O)c1cncn1C(C)c1ccccc1,0
Clc1ccc(C(c2ccccc2Cl)C(Cl)Cl)cc1,0
CN(C)C(=O)Oc1ccc[n+](C)c1,0
Cc1ccc(-c2nc3ccc(C)cn3c2CC(=O)N(C)C)cc1,0
CN(C)C(=O)C(CCN1CCC(O)(c2ccc(Cl)cc2)CC1)(c1ccccc1)c1ccccc1,0
O=NN(CCCl)C(=O)NCCCl,0
ClC1C(Cl)C(Cl)C(Cl)C(Cl)C1Cl,0
O=C1CCc2ccc(OCCCCN3CCN(c4cccc(Cl)c4Cl)CC3)cc2N1,0
CCOC(=O)N1CCC(=C2c3ccc(Cl)cc3CCc3cccnc32)CC1,0
Clc1cccc(Cl)c1NC1=NCCN1,0
Clc1ccc2c(c1)C(c1ccccc1)=NCc1nncn1-2,0
Clc1ccc(CSC(Cn2ccnc2)c2ccc(Cl)cc2Cl)cc1,0
Clc1ccc(COC(Cn2ccnc2)c2ccc(Cl)cc2Cl)c(Cl)c1,0
Clc1ccc(COC(Cn2ccnc2)c2ccc(Cl)cc2Cl)cc1,0
Clc1ccc(CCC(Cn2ccnc2)Sc2c(Cl)cccc2Cl)cc1,0
O=C1C(=O)C(C2CCC(c3ccc(Cl)cc3)CC2)C(=O)c2ccccc21,0
Clc1ccc2c(c1)C(N1CCNCC1)=Nc1ccccc1O2,0
Cc1cc2nc3c(=O)[nH]c(=O)nc-3n(CC(O)C(O)C(O)CO)c2cc1C,0
Cc1ccc(N(CC2=NCCN2)c2cccc(O)c2)cc1,0
Cc1ccc(C(=O)Oc2ccc(C(O)CNC(C)(C)C)cc2OC(=O)c2ccc(C)cc2)cc1,0
C[N+](C)(C)CC(=O)[O-],0
C[N+](C)(C)CC(O)CC(=O)[O-],0
C[N+](C)(C)CCOC(=O)CCC(=O)OCC[N+](C)(C)C,0
C[N+](C)(C)CCOP(=O)(O)OP(=O)(O)OCC1OC(n2ccc(N)nc2=O)C(O)C1O,0
C[N+]1(C)CCC(OC(=O)C(O)(c2ccccc2)C2CCCC2)C1,0
C[N+]1(C)CCCC(OC(=O)C(O)(c2ccccc2)c2ccccc2)C1,0
C[N+]1(CC2CC2)CCC23c4c5ccc(O)c4OC2C(=O)CCC3(O)C1C5,0
C=Cc1ccc(S(=O)(=O)O)cc1,0
C=CCN.ClCC1CO1,0
NCC1OC(OC2C(CO)OC(OC3C(O)C(N)CC(N)C3OC3OC(CN)C(O)C(O)C3N)C2O)C(N)C(O)C1O,0
NCC1OC(OC2C(N)CC(N)C(OC3OC(CO)C(O)C(N)C3O)C2O)C(O)C(O)C1O,0
c1ccc(C2CN3CCSC3=N2)cc1,0
CC#CC1(O)CCC2C3CCC4=CC(=O)CCC4=C3C(c3ccc(N(C)C)cc3)CC21C,0
CC(=O)NC(CS)C(=O)O,0
CC(=O)Nc1c(I)c(NC(C)=O)c(I)c(C(=O)O)c1I,0
CC(=O)NC1C(NC(=N)N)C=C(C(=O)O)OC1C(O)C(O)CO,0
C#CC1(OC(C)=O)CCC2C3CCC4=CC(=O)CCC4C3CCC21C,0
CC(C)(C)NCC(O)c1ccc(O)c(CO)c1,0
CC(C)(C)NC(=O)C1CN(Cc2cccnc2)CCN1CC(O)CC(Cc1ccccc1)C(=O)NC1c2ccccc2CC1O,0
CC(C)(C)c1ccc(C(O)CCCN2CCC(C(O)(c3ccccc3)c3ccccc3)CC2)cc1,0
CC(C)(C(=O)O)c1ccc(C(O)CCCN2CCC(C(O)(c3ccccc3)c3ccccc3)CC2)cc1,0
CC(C)(C(=O)c1cccnc1)c1cccnc1,0
CC(=O)OCC1=C(C(=O)O)N2C(=O)C(NC(=O)CSc3ccncc3)C2SC1,0
C/C1=C2/N=C(/C=C3\N=C(/C(C)=C4\[N-][C@@](C)([C@@H]5N=C1[C@](C)(CCC(=O)NC[C@@H](C)OP(=O)([O-])O[C@@H]1[C@@H](CO)O[C@H](n6cnc7cc(C)c(C)cc76)[C@@H]1O)[C@H]5CC(N)=O)[C@@](C)(CC(N)=O)[C@@H]4CCC(N)=O)[C@@](C)(CC(N)=O)[C@@H]3CCC(N)=O)C(C)(C)[C@@H]2CCC(N)=O.[C-]#N.[Co+3],0
CC(=O)OCC[N+](C)(C)C,0
CC(=O)OCC(=O)C1(O)CCC2C3CCC4=CC(=O)CCC4(C)C3C(=O)CC21C,0
CC(=O)OC1CC2CCC3C(CCC4(C)C3CC([N+]3(C)CCCCC3)C4OC(C)=O)C2(C)CC1N1CCCCC1,0
CC(=O)OC1CC2CCC3C(CCC4(C)C3CC([N+]3(C)CCCCC3)C4OC(C)=O)C2(C)CC1[N+]1(C)CCCCC1,0
C=CC[N+]1(C2CC3C4CCC5CC(O)C(N6CCOCC6)CC5(C)C4CCC3(C)C2OC(C)=O)CCCC1,0
CC(=O)Oc1ccc(C(c2ccc(OC(C)=O)cc2)c2ccccn2)cc1,0
CC(=O)Oc1ccccc1C(=O)Nc1ncc([N+](=O)[O-])s1,0
CC(=O)OCC(CCn1cnc2cnc(N)nc21)COC(C)=O,0
c1cc(CN2CCCNCCNCCCNCC2)ccc1CN1CCCNCCNCCCNCC1,0
OCC1OC(O)C(O)C(O)C1O.OCCOCC1OC(OCCO)C(OCCO)C(OCCO)C1OCCO,0
C#CCNC1CCc2ccccc21,0
CN1CCC23c4c5ccc(O)c4OC2C(=O)CCC3C1C5,0
O=C1CCC2(O)C3Cc4ccc(O)c5c4C2(CCN3CC2CC2)C1O5,0
C=CCN1CCC23c4c5ccc(O)c4OC2C(=O)CCC3(O)C1C5,0
COc1ccc2c3c1OC1C(=O)CCC4(O)C(C2)N(C)CCC314,0
CN1CCC23c4c5ccc(O)c4OC2C(=O)CCC3(O)C1C5,0
C=C1CCC2(O)C3Cc4ccc(O)c5c4C2(CCN3CC2CC2)C1O5,0
COc1ccc2c3c1OC1C(=O)CCC4C(C2)N(C)CCC314,0
COc1ccc2c(c1)C13CCCCC1C(C2)N(C)CC3,0
CC(C)=CCN1CCC2(C)c3cc(O)ccc3CC1C2C,0
N#CC1CC2CC2N1C(=O)C(N)C12CC3CC(CC(O)(C3)C1)C2,0
O=C(OC1CC2CC3CC(C1)N2CC3=O)c1c[nH]c2ccccc12,0
CN1C2CC(OC(=O)C(CO)c3ccccc3)CC1C1OC12,0
C[N+]1(C)C2CC(OC(=O)C(O)(c3cccs3)c3cccs3)CC1C1OC12,0
N#[O+].[C-]#N.[C-]#N.[C-]#N.[C-]#N.[C-]#N.[Fe+2],0
CN1CCC23CCCCC2C1Cc1ccc(O)cc13,0
CC(C)(C)NCC(O)COc1ccccc1C1CCCC1,0
CN1CCC23c4c5ccc(O)c4OC2C(O)C=CC3C1C5,0
Oc1ccc2c3c1OC1C(O)CCC4(O)C(C2)N(CC2CCC2)CCC314,0
O=[N+]([O-])OCC(CO[N+](=O)[O-])O[N+](=O)[O-],0
O=[N+]([O-])OC1COC2C(O[N+](=O)[O-])COC12,0
[Cl-].[NH4+],0
O=S(=O)([O-])[S-].[Na+].[Na+],0
CCC1(O)CC2CN(CCc3c([nH]c4ccccc34)C(C(=O)OC)(c3cc4c(cc3OC)N(C)C3C(O)(C(=O)OC)C(OC(C)=O)C5(CC)C=CCN6CCC43C65)C2)C1,0
COc1ccc2c3c1OC1C(O)C=CC4C(C2)N(C)CCC341,0
CCC1=CC2CN(C1)Cc1c([nH]c3ccccc13)C(C(=O)OC)(c1cc3c(cc1OC)N(C)C1C(O)(C(=O)OC)C(OC(C)=O)C4(CC)C=CCN5CCC31C54)C2,0
O=C1c2cccc3c2C(CCC3)CN1C1CN2CCC1CC2,0
CN1C2CCCC1CC(NC(=O)c1nn(C)c3ccccc13)C2,0
CN1C2CCC1CC(OC(c1ccccc1)c1ccccc1)C2,0
O=C(OC1CC2CCC(C1)[N+]21CCCC1)C(O)(c1ccccc1)c1ccccc1,0
CN1C2CCC1CC(OC(=O)C(CO)c1ccccc1)C2,0
Oc1ccc2c(c1)C13CCCCC1(O)C(C2)N(CC1CCC1)CC3,0
O=C(OC1CN2CCC1CC2)N1CCc2ccccc2C1c1ccccc1,0
CN1CCCC1CCOC(C)(c1ccccc1)c1ccc(Cl)cc1,0
CC(C)(C)NCC(O)COc1cccc2c1CC(O)C(O)C2,0
CC(C)(CO)C(O)C(=O)NCCCO,0
CC(NCCCc1cccc(C(F)(F)F)c1)c1cccc2ccccc12,0
CC(O)(P(=O)(O)O)P(=O)(O)O,0
CC(=O)O,0
CC(O)C(=O)O,0
CC(O)C(O)C1CNC2NC(N)=NC(=O)C2=N1,0
CC(O)C1C(=O)N2C(C(=O)O)=C(SC3CNC(C(=O)Nc4cccc(C(=O)O)c4)C3)C(C)C12,0
CC(O)CN1CCN(CC(=O)O)CCN(CC(=O)O)CCN(CC(=O)O)CC1,0
CC[C@H](C)[C@H](NC(=O)[C@H](CC(C)C)NC(=O)[C@H](CO)NC(=O)[C@H](Cc1cnc[nH]1)NC(=O)[C@@H](NC(=O)[C@H](CC(C)C)NC(=O)[C@H](CO)NC(=O)[C@@H](NC(=O)[C@H](Cc1ccc(O)cc1)NC(C)=O)[C@@H](C)O)[C@@H](C)CC)C(=O)N[C@@H](CCC(=O)O)C(=O)N[C@@H](CCC(=O)O)C(=O)N[C@@H](CO)C(=O)N[C@@H](CCC(N)=O)C(=O)N[C@@H](CC(N)=O)C(=O)N[C@@H](CCC(N)=O)C(=O)N[C@@H](CCC(N)=O)C(=O)N[C@@H](CCC(=O)O)C(=O)N[C@@H](CCCCN)C(=O)N[C@@H](CC(N)=O)C(=O)N[C@@H](CCC(=O)O)C(=O)N[C@@H](CCC(N)=O)C(=O)N[C@@H](CCC(=O)O)C(=O)N[C@@H](CC(C)C)C(=O)N[C@@H](CC(C)C)C(=O)N[C@@H](CCC(=O)O)C(=O)N[C@@H](CC(C)C)C(=O)N[C@@H](CC(=O)O)C(=O)N[C@@H](CCCCN)C(=O)N[C@@H](Cc1c[nH]c2ccccc12)C(=O)N[C@@H](C)C(=O)N[C@@H](CO)C(=O)N[C@@H](CC(C)C)C(=O)N[C@@H](Cc1c[nH]c2ccccc12)C(=O)N[C@@H](CC(N)=O)C(=O)N[C@@H](Cc1c[nH]c2ccccc12)C(=O)N[C@@H](Cc1ccccc1)C(N)=O,0
CC[C@H](C)[C@H](NC(=O)[C@H](Cc1ccccc1)NC(=O)[C@H](CC(C)C)NC(=O)[C@H](CCCNC(=N)N)NC(=O)[C@@H](NC(=O)[C@H](C)NC(=O)[C@H](CCC(=O)O)NC(=O)[C@H](CCC(=O)O)NC(=O)[C@H](CCC(=O)O)NC(=O)[C@H](CCSC)NC(=O)[C@H](CCC(N)=O)NC(=O)[C@@H](CCCCN)NC(=O)[C@H](CO)NC(=O)[C@H](CC(C)C)NC(=O)[C@H](CC(=O)O)NC(=O)[C@H](CO)NC(=O)[C@@H](NC(=O)[C@H](Cc1ccccc1)NC(=O)[C@@H](NC(=O)CNC(=O)[C@H](CCC(=O)O)NC(=O)CNC(=O)[C@@H](N)Cc1c[nH]cn1)[C@@H](C)O)[C@@H](C)O)C(C)C)C(=O)N[C@@H](CCC(=O)O)C(=O)N[C@@H](Cc1c[nH]c2ccccc12)C(=O)N[C@@H](CC(C)C)C(=O)N[C@@H](CCCCN)C(=O)N[C@@H](CC(N)=O)C(=O)NCC(=O)NCC(=O)N1CCC[C@H]1C(=O)N[C@@H](CO)C(=O)N[C@@H](CO)C(=O)NCC(=O)N[C@@H](C)C(=O)N1CCC[C@H]1C(=O)N1CCC[C@H]1C(=O)N1CCC[C@H]1C(=O)N[C@@H](CO)C(N)=O,0
CC[C@H](C)[C@H](NC(=O)[C@H](CCC(=O)O)NC(=O)[C@H](CCC(=O)O)NC(=O)[C@H](Cc1ccccc1)NC(=O)[C@H](CC(=O)O)NC(=O)CNC(=O)[C@H](CC(N)=O)NC(=O)CNC(=O)CNC(=O)CNC(=O)CNC(=O)[C@@H]1CCCN1C(=O)[C@H](CCCNC(=N)N)NC(=O)[C@@H]1CCCN1C(=O)[C@H](N)Cc1ccccc1)C(=O)N1CCC[C@H]1C(=O)N[C@@H](CCC(=O)O)C(=O)N[C@@H](CCC(=O)O)C(=O)N[C@@H](Cc1ccc(O)cc1)C(=O)N[C@@H](CC(C)C)C(=O)O,0
CC[N+](C)(CC)CCOC(=O)C(O)(c1ccccc1)C1CCCCC1,0
CC[N+](CC)(CC)CCOc1cccc(OCC[N+](CC)(CC)CC)c1OCC[N+](CC)(CC)CC,0
CC[N+](CC)(CCNC(=O)C(=O)NCC[N+](CC)(CC)Cc1ccccc1Cl)Cc1ccccc1Cl,0
CC1(C)C(/C=C/C=C/C=C/C=C2/N(CCCCS(=O)(=O)O)c3ccc4ccccc4c3C2(C)C)=[N+](CCCCS(=O)(=O)O)c2ccc3ccccc3c21,0
CC1(C)C(C=C(Cl)Cl)C1C(=O)OCc1cccc(Oc2ccccc2)c1,0
CC1(C)CC1C(=O)N=C(CCCCCSCC(N)C(=O)O)C(=O)O,0
CC1(C)SC2C(NC(=O)C(C(=O)O)c3ccsc3)C(=O)N2C1C(=O)O,0
Cc1ccc(C(=CCN2CCCC2)c2ccccn2)cc1,0
Cc1ccc(C(=CCN2CCCC2)c2cccc(C=CC(=O)O)n2)cc1,0
Cc1cccc(CN2CCN(C(c3ccccc3)c3ccc(Cl)cc3)CC2)c1,0
Cc1cc(C2CCCCC2)n(O)c(=O)c1,0
Cc1ccsc1C(=CCCN1CCCC(C(=O)O)C1)c1sccc1C,0
Cc1c(-c2ccccc2)oc2c(C(=O)OCCN3CCCCC3)cccc2c1=O,0
CC(=NO)C(C)NCC(C)(C)CNC(C)C(C)=NO,0
Cc1ncc(CO)c(CO)c1O,0
CC1=C(C(=O)O)N2C(=O)C(NC(=O)C(N)C3=CCC=CC3)C2SC1,0
Cc1ncc(C[n+]2csc(CCO)c2C)c(N)n1,0
Cc1nc2n(c(=O)c1CCN1CCC(c3noc4cc(F)ccc34)CC1)CCCC2O,0
CC1(Cn2ccnn2)C(C(=O)O)N2C(=O)CC2S1(=O)=O,0
CC1(C)SC2C(NC(=O)COc3ccccc3)C(=O)N2C1C(=O)O,0
CC1(C)SC2C(NC(=O)C(NC(=O)N3CCNC3=O)c3ccccc3)C(=O)N2C1C(=O)O,0
Cc1ncc(COP(=O)(O)O)c(C=O)c1O,0
CC(NC(=NC#N)Nc1ccncc1)C(C)(C)C,0
CC(N)Cc1ccccc1,0
CC(N)C12CC3CC(CC(C3)C1)C2,0
CC(C)Nc1cccnc1N1CCN(C(=O)c2cc3cc(NS(C)(=O)=O)ccc3[nH]2)CC1,0
CC(C)NC(=N)NC(=N)Nc1ccc(Cl)cc1,0
CC(C)C(=O)Oc1ccc(CO)cc1C(CCN(C(C)C)C(C)C)c1ccccc1,0
Cc1ccc(O)c(C(CCN(C(C)C)C(C)C)c2ccccc2)c1,0
CC(=O)Oc1c(C)c(C)c2c(c1C)CCC(C)(CCCC(C)CCCC(C)CCCC(C)C)O2,0
CC(=CCC1=C(C)C(=O)c2ccccc2C1=O)CCCC(C)CCCC(C)CCCC(C)C,0
CC(C)NCC(O)c1ccc(NS(C)(=O)=O)cc1,0
C=CCC1(CC(C)C)C(=O)NC(=O)NC1=O,0
CC(C)C1CCC(C(=O)NC(Cc2ccccc2)C(=O)O)CC1,0
C=C1CCC(O)CC1=CC=C1CCCC2(C)C1CCC2C(C)C=CC(C)C(C)C,0
CC(C)[N+]1(C)C2CCC1CC(OC(=O)C(CO)c1ccccc1)C2,0
CC(C)[N+](C)(CCOC(=O)C1c2ccccc2Oc2ccccc21)C(C)C,0
CC(C)(Sc1cc(C(C)(C)C)c(O)c(C(C)(C)C)c1)Sc1cc(C(C)(C)C)c(O)c(C(C)(C)C)c1,0
CC(C)(Oc1ccc(CCNC(=O)c2ccc(Cl)cc2)cc1)C(=O)O,0
CC(C)c1nc(CN(C)C(=O)NC(CCN2CCOCC2)C(=O)NC(CCC(Cc2ccccc2)NC(=O)OCc2cncs2)Cc2ccccc2)cs1,0
CC(C)(C)NCC(O)COc1nsnc1N1CCOCC1,0
CC(C)NCC(O)c1ccc(O)c(O)c1,0
CC(C)NCC(O)COc1cccc2[nH]ccc12,0
CC(N)(Cc1ccc(O)cc1)C(=O)O,0
CC(COc1ccccc1)NC(C)C(O)c1ccc(O)cc1,0
CC(COc1ccccc1)N(CCCl)Cc1ccccc1,0
CC(CO)NC(=O)C1C=C2c3cccc4[nH]cc(c34)CC2N(C)C1,0
C=C1C(=CC=C2CCCC3(C)C2CCC3C(C)CCCC(C)(C)O)CC(O)CC1O,0
CC(CCc1ccc(O)cc1)NCCc1ccc(O)c(O)c1,0
CC(C)NCC(O)COc1cccc2ccccc12,0
CC(Cc1cc2c(c(C(N)=O)c1)N(CCCO)CC2)NCCOc1ccccc1OCC(F)(F)F,0
C#CCN(C)C(C)Cc1ccccc1,0
CC(Cc1ccc(O)c(O)c1)(NN)C(=O)O,0
CNC(C)C1CCC(N)C(OC2C(N)CC(N)C(OC3OCC(C)(O)C(NC)C3O)C2O)O1,0
CC(C[N+](C)(C)C)OC(N)=O,0
CC(C)NCC(O)COc1ccc(COCCOC(C)C)cc1,0
CC(C)NCC(O)COc1ccc(CCOCC2CC2)cc1,0
CC(Cc1ccccc1)N(C)Cc1ccccc1,0
Cc1cccc(C)c1NC(=O)C1CCCCN1C,0
CCCC1OC2CC3C4CCC5=CC(=O)C=CC5(C)C4C(O)CC3(C)C2(C(=O)CO)O1,0
OCCN1CC(O)C(O)C(O)C1CO,0
OCCN1CCN(CCCN2c3ccccc3Sc3ccc(C(F)(F)F)cc32)CC1,0
O=C(CCCCCCC(=O)Nc1ccccc1)NO,0
O=P(O)(O)C(Sc1ccc(Cl)cc1)P(=O)(O)O,0
O=C(NCC(O)CO)c1c(I)c(C(=O)NCC(O)CO)c(I)c(N(CCO)C(=O)CO)c1I,0
CN1CCCN=C1C=Cc1cccs1,0
O=C(O)CCCO,0
OCC1OC(OC2C(CO)OC(O)(CO)C2O)C(O)C(O)C1O,0
COc1ccc(OC)c(C(O)CNC(=O)CN)c1,0
COc1cccc(C2(O)CCCCC2CN(C)C)c1,0
COc1ccccc1OCC(O)CO,0
COc1ccccc1OCC(O)COC(N)=O,0
COc1cccc2c1C(=O)c1c(O)c3c(c(O)c1C2=O)CC(O)(C(C)=O)CC3OC1CC(N)C(O)C(C)O1,0
COc1cc2c(cc1OC)C(Cc1cc(OC)c(OC)c(OC)c1)[N+](C)(CCCOC(=O)CCC=CCCC(=O)OCCC[N+]1(C)CCc3cc(OC)c(OC)cc3C1Cc1cc(OC)c(OC)c(OC)c1)CC2,0
COc1ccc2[nH]cc(CCNC(C)=O)c2c1,0
COc1ccc2cc(CCC(C)=O)ccc2c1,0
COc1cc2nc(N3CCN(C(=O)c4ccco4)CC3)nc(N)c2cc1OC,0
COC(=O)C1C2CC3c4[nH]c5cc(OC)ccc5c4CCN3CC2CC(OC(=O)c2cc(OC)c(OC)c(OC)c2)C1OC,0
COC1C=COC2(C)Oc3c(C)c(O)c4c(O)c(c(C=NN5CCN(C6CCCC6)CC5)c(O)c4c3C2=O)NC(=O)C(C)=CC=CC(C)C(O)C(C)C(O)C(C)C(OC(C)=O)C1C,0
COC1C=COC2(C)Oc3c(C)c(O)c4c(O)c(c5c(nc6cc(C)ccn65)c4c3C2=O)NC(=O)C(C)=CC=CC(C)C(O)C(C)C(O)C(C)C(OC(C)=O)C1C,0
COC1CC2CCC(C)C(O)(O2)C(=O)C(=O)N2CCCCC2C(=O)OC(C(C)CC2CCC(OC(=O)C(C)(CO)CO)C(OC)C2)CC(=O)C(C)C=C(C)C(O)C(OC)C(=O)C(C)CC(C)C=CC=CC=C1C,0
COC1CC2CCC(C)C(O)(O2)C(=O)C(=O)N2CCCCC2C(=O)OC(C(C)CC2CCC(OCCO)C(OC)C2)CC(=O)C(C)C=C(C)C(O)C(OC)C(=O)C(C)CC(C)C=CC=CC=C1C,0
COc1cc(N)c(Cl)cc1C(=O)NC1CCN(CCCOc2ccc(F)cc2)CC1OC,0
COC1OC2OC3(C)CCC4C(C)CCC(C1C)C24OO3,0
O=c1[nH]c2ccccc2n1C1CCN(CCCC(c2ccc(F)cc2)c2ccc(F)cc2)CC1,0
O=C(CCCN1CC=C(n2c(=O)[nH]c3ccccc32)CC1)c1ccc(F)cc1,0
FC(F)(F)C(F)(F)C(F)(F)F,0
CSCCC(NC(=O)C(Cc1ccc(OS(=O)(=O)O)cc1)NC(=O)C(N)CC(=O)O)C(=O)NCC(=O)NC(Cc1c[nH]c2ccccc12)C(=O)NC(CCSC)C(=O)NC(CC(=O)O)C(=O)NC(Cc1ccccc1)C(N)=O,0
CSCCC(NC(=O)C(Cc1c[nH]c2ccccc12)NC(=O)CCNC(=O)OC(C)(C)C)C(=O)NC(CC(=O)O)C(=O)NC(Cc1ccccc1)C(N)=O,0
CSCCC(N)C(=O)O,0
COc1ccc(OC)c(C(O)C(C)N)c1,0
CSCC[C@H](NC(=O)[C@H](CO)NC(=O)[C@H](Cc1ccc(O)cc1)NC(=O)C(N)CO)C(=O)N[C@@H](CCC(=O)O)C(=O)N[C@@H](Cc1cnc[nH]1)C(=O)N[C@@H](Cc1ccccc1)C(=O)N[C@@H](CCCNC(=N)N)C(=O)N[C@@H](Cc1c[nH]c2ccccc12)C(=O)NCC(=O)N[C@@H](CCCCN)C(=O)N1CCC[C@H]1C(=O)N[C@H](C(=O)NCC(=O)N[C@H](CCCCN)C(=O)N[C@H](CCCCN)C(=O)N[C@H](CCCNC(=N)N)C(=O)N[C@H](CCCNC(=N)N)C(=O)N1CCC[C@H]1C(=O)N[C@H](C(=O)N[C@@H](CCCCN)C(=O)N[C@H](C(=O)N[C@@H](Cc1ccc(O)cc1)C(=O)N1CCC[C@H]1C(=O)O)C(C)C)C(C)C)C(C)C,0
CON=C(C(=O)NC1C(=O)N2C(C(=O)OCOC(=O)C(C)(C)C)=C(C=Cc3scnc3C)CSC12)c1csc(N)n1,0
COCCOC(=O)C1=C(C)N=C(C)C(C(=O)OC(C)C)C1c1cccc([N+](=O)[O-])c1,0
COCCNC(=O)CN(CCN(CCN(CC(=O)O)CC(=O)NCCOC)CC(=O)O)CC(=O)O,0
COCCCCC(=NOCCN)c1ccc(C(F)(F)F)cc1,0
COCC1=C(C(=O)O)N2C(=O)C(NC(=O)C(=NOC)c3csc(N)n3)C2SC1,0
COCC(=O)OC1(CCN(C)CCCc2nc3ccccc3[nH]2)CCc2cc(F)ccc2C1C(C)C,0
CON=C(C(=O)NC1C(=O)N2C(C(=O)O)=CCSC12)c1csc(N)n1,0
COc1ccc(CCN2CCC(Nc3nc4ccccc4n3Cc3ccc(F)cc3)CC2)cc1,0
COc1ccc(CC2c3cc(OC)c(OC)cc3CC[N+]2(C)CCC(=O)OCCCCCOC(=O)CC[N+]2(C)CCc3cc(OC)c(OC)cc3C2Cc2ccc(OC)c(OC)c2)cc1OC,0
COc1ccc(CC(C)NCC(O)c2ccc(O)c(NC=O)c2)cc1,0
CNCCCN1c2ccccc2CCc2ccccc21,0
CNCCCC1c2ccccc2C=Cc2ccccc21,0
CNCC(O)c1ccc(O)c(O)c1,0
CNC1CCc2[nH]c3ccc(C(N)=O)cc3c2C1,0
CNC1C(OC2C(OC3C(O)C(O)C(NC(=N)N)C(O)C3NC(=N)N)OC(C)C2(O)C=O)OC(CO)C(O)C1O,0
CNC1(C)C2CCC(C2)C1(C)C,0
CNS(=O)(=O)Cc1ccc2[nH]cc(CCN(C)C)c2c1,0
CNC(C)Cc1ccccc1,0
CNC(=O)Oc1ccc2c(c1)C1(C)CCN(C)C1N2C,0
CNC(=O)c1cnn(-c2nc(N)c3ncn(C4OC(CO)C(O)C4O)c3n2)c1,0
CNC(=O)c1c(I)c(NC(C)=O)c(I)c(C(=O)O)c1I,0
CN1CCN(CCCN2c3ccccc3Sc3ccc(C(F)(F)F)cc32)CC1,0
CN1CCN(C2=Nc3ccccc3Oc3ccc(Cl)cc32)CC1,0
OCC1OC(OC2C(CO)OC(O)C(O)C2O)C(O)C(O)C1O,0
CNC(C)C(O)c1ccccc1,0
Fc1ccccc1C1=NCC(=S)N(CC(F)(F)F)c2ccc(Cl)cc21,0
CNS(=O)(=O)CCc1ccc2[nH]cc(C3CCN(C)CC3)c2c1,0
COC(=O)C1C(C)=NC(C)=C(C(=O)OCCN(C)Cc2ccccc2)C1c1cccc([N+](=O)[O-])c1,0
COc1cc(NC(C)CCCN)c2ncccc2c1,0
COc1cc(CNC(=O)CCCCC=CC(C)C)ccc1O,0
COc1cc(C(=O)NCc2ccc(OCCN(C)C)cc2)cc(OC)c1OC,0
COc1ccc2c3c1OC1CC(O)C=C(CCN(C)C2)C31,0
COc1ccccc1OCC(O)CN1CCN(CC(=O)Nc2c(C)cccc2C)CC1,0
COc1cc2nc(N3CCN(C(=O)C4COc5ccccc5O4)CC3)nc(N)c2cc1OC,0
CO[Si](C)(C)O[Si](C)(C)C.O=[Si]=O,0
COc1cc2nc(N3CCN(C(=O)C4CCCO4)CC3)nc(N)c2cc1OC,0
COC1(NC(=O)C(C(=O)O)c2ccc(O)cc2)C(=O)N2C(C(=O)O)=C(CSc3nnnn3C)COC21,0
COC(c1ccccc1)(c1ccccc1)C(Oc1nc(C)cc(C)n1)C(=O)O,0
COC(=O)Nc1nc2cc(C(=O)c3cccs3)ccc2[nH]1,0
COC(=O)CCc1ccc(OCC(O)CNC(C)C)cc1,0
COC(=O)C1CC2=CC(=O)CCC2(C)C23OC2CC2(C)C(CCC24CCC(=O)O4)C13,0
COC(=O)C1C(C)=NC(C)=C(C(=O)OCC(C)C)C1c1ccccc1[N+](=O)[O-],0
COc1cc2c(c(OC)c1OC)-c1ccc(OC)c(=O)cc1C(NC(C)=O)CC2,0
N=C(N)NCCCCC1NC(=O)CCSSCC(C(N)=O)NC(=O)C2CCCN2C(=O)C(Cc2c[nH]c3ccccc23)NC(=O)C(CC(=O)O)NC(=O)CNC1=O,0
COC1(NC(=O)Cc2cccs2)C(=O)N2C(C(=O)O)=C(COC(N)=O)CSC21,0
NC(=O)C(c1ccccc1)(c1ccccc1)C1CCN(CCc2ccc3c(c2)CCO3)C1,0
OC(CCN1CCCC1)(c1ccccc1)C1CCCCC1,0
O=P(O)(O)C(O)(Cc1cccnc1)P(=O)(O)O,0
O=C(O)P(=O)(O)O,0
O=C(O)CN(CCN(CC(=O)O)CC(=O)O)CCN(CC(=O)O)CC(=O)O,0
O=C(O)C1N=C(c2ccccc2)c2cc(Cl)ccc2NC1=O,0
O=C1NC(=O)C(=O)C(=O)N1,0
OC(CCN1CCCCC1)(c1ccccc1)C1CC2C=CC1C2,0
O=C1CC2(CCCC2)CC(=O)N1CCCCN1CCN(c2ncccn2)CC1,0
[Fe+3].[Fe+3].[Fe].[O-2].[O-2].[OH-].[OH-],0
O=C([O-])c1ccccc1[O-].[Bi+3].[OH-],0
O=S(=O)([O-])OC[C@H]1O[C@H](O[C@]2(COS(=O)(=O)[O-])O[C@H](COS(=O)(=O)[O-])[C@@H](OS(=O)(=O)[O-])[C@@H]2OS(=O)(=O)[O-])[C@H](OS(=O)(=O)[O-])[C@@H](OS(=O)(=O)[O-])[C@@H]1OS(=O)(=O)[O-].[Al+2][Al+2].[Al+2][Al+2].[Al+2][Al+2].[Al+2][Al+2].[Al+3].[Al+3].[Al+3].[Al+3].[Al+3].[Al+3].[Al+3].[Al+3].[OH-].[OH-].[OH-].[OH-].[OH-].[OH-].[OH-].[OH-].[OH-].[OH-].[OH-].[OH-].[OH-].[OH-].[OH-].[OH-].[OH-].[OH-].[OH-].[OH-].[OH-].[OH-].[OH-].[OH-].[OH-].[OH-].[OH-].[OH-].[OH-].[OH-].[OH-].[OH-],0
O,0
NS(=O)(=O)c1cc(Cl)c(Cl)c(S(N)(=O)=O)c1,0
NS(=O)(=O)c1cc(C2(O)NC(=O)c3ccccc32)ccc1Cl,0
O=C(C1CCCCC1)N1CC(=O)N2CCc3ccccc3C2C1,0
NS(=O)(=O)c1cc(C(=O)O)c(NCc2ccco2)cc1Cl,0
OC(CCN1CCCCC1)(c1ccccc1)C1CCCCC1,0
O=C(O)O,0
N=c1ccn(C2CCC(CO)O2)c(O)n1,0
N=C(N)NCCN1CCCCCCC1,0
OCc1cc(C(O)CNCCCCCCOCCCCc2ccccc2)ccc1O,0
OCC(S)CS,0
O=C1OC(C(O)CO)C(O)C1=O,0
OCC(O)C(O)C(O)C(O)CO,0
OC(CNCC(O)C1CCc2cc(F)ccc2O1)C1CCc2cc(F)ccc2O1,0
O=CC(O)C(O)C(O)C(O)CO,0
O=C1Nc2ccc(Cl)cc2C(c2ccccc2Cl)=NC1O,0
O=C1Nc2ccc(Cl)cc2C(c2ccccc2)=NC1O,0
OC1C(O)C(O)C(O)C(O)C1O,0
O=C1OC2(c3ccc(O)cc3Oc3cc(O)ccc32)c2ccccc21,0
Oc1ccc(C2CNCCc3c2cc(O)c(O)c3Cl)cc1,0
O=C(c1ccc(OCCN2CCCCC2)cc1)c1c(-c2ccc(O)cc2)sc2cc(O)ccc12,0
O=C(NC(CO)C(O)c1ccc([N+](=O)[O-])cc1)C(Cl)Cl,0
NCCNCCNCCN,0
OC(O)C(Cl)(Cl)Cl,0
NCCCCCC(=O)O,0
Nc1nc(=O)c2nc(CNc3ccc(C(=O)NC(CCC(=O)O)C(=O)O)cc3)cnc2[nH]1,0
C=CC1=C(C(=O)O)N2C(=O)C(NC(=O)C(=NOCC(=O)O)c3csc(N)n3)C2SC1,0
Nc1nc(C(=CCC(=O)O)C(=O)NC2C(=O)N3C(C(=O)O)=CCSC23)cs1,0
Nc1ccc(S(=O)(=O)NC(=O)c2ccccc2)cc1,0
Nc1ccc(C(=O)NCC(=O)O)cc1,0
Nc1ncnc2c1ncn2C1OC(CO)C(O)C1O,0
NC1=NC(=O)C2C(=N1)NCC(CNc1ccc(C(=O)NC(CCC(=O)O)C(=O)O)cc1)N2C=O,0
Nc1nc(F)nc2c1ncn2C1OC(CO)C(O)C1O,0
N=C(N)NCCCC(N)C(=O)O,0
NC(Cc1ccc(O)c(O)c1)C(=O)O,0
NC(Cc1cc(I)c(Oc2ccc(O)c(I)c2)c(I)c1)C(=O)O,0
NCCCNCCSP(=O)(O)O,0
NC(=O)C1CCCN1C(=O)C(Cc1cnc[nH]1)NC(=O)C1CCC(=O)N1,0
NC(=O)c1ncn(C2OC(CO)C(O)C2O)n1,0
Nc1nc(Cl)nc2c1ncn2C1CC(O)C(CO)O1,0
Nc1nc(=O)n(C2CSC(CO)O2)cc1F,0
Nc1cc(N2CCCCC2)nc(N)[n+]1[O-],0
Nc1ncn(C2OC(CO)C(O)C2O)c(=O)n1,0
NCCc1ccc(O)c(O)c1,0
NCCc1ccc(O)cc1,0
Nc1ncn(C2CC(O)C(CO)O2)c(=O)n1,0
NCCC(O)C(=O)NC1CC(N)C(OC2OC(CN)C(O)C(O)C2O)C(O)C1OC1OC(CO)C(O)C(N)C1O,0
NCCC(O)(P(=O)(O)O)P(=O)(O)O,0
NCC1OC(OC2C(CO)OC(OC3C(O)C(N)CC(N)C3OC3OC(CO)C(O)C(O)C3N)C2O)C(N)C(O)C1O,0
NCC(O)c1ccc(O)c(O)c1,0
NCC1CCC(C(=O)O)CC1,0
N=C(N)NCCCC(NC(=O)C1CCCN1C(=O)C1CSSCC(N)C(=O)NC(Cc2ccc(O)cc2)C(=O)NC(Cc2ccccc2)C(=O)NC(CCC(N)=O)C(=O)NC(CC(N)=O)C(=O)N1)C(=O)NCC(N)=O,0
NC12CC3CC(CC(C3)C1)C2,0
C=C1C(CO)C(O)CC1n1cnc2c(=O)[nH]c(N)nc21,0
NC1=NC(=O)N=CC1F,0
NCCc1cnc[nH]1,0
Nc1ccn(CC(CO)OCP(=O)(O)O)c(=O)n1,0
COc1cc([C@@H]2c3cc4c(cc3[C@@H](O[C@@H]3O[C@@H]5CO[C@@H](C)O[C@H]5[C@H](O)[C@H]3O)[C@H]3COC(=O)[C@H]23)OCO4)cc(OC)c1O,1
C[C@H]1C[C@H]2[C@@H]3CC[C@](O)(C(=O)CO)[C@@]3(C)C[C@H](O)[C@@H]2[C@@]2(C)C=CC(=O)C=C12,1
Fc1ccc([C@@H]2CCNC[C@H]2COc2ccc3c(c2)OCO3)cc1,1
C[C@@H]1C[C@H]2[C@@H]3CCC4=CC(=O)C=C[C@]4(C)[C@@]3(F)[C@@H](O)C[C@]2(C)[C@@]1(O)C(=O)CO,1
NS(=O)(=O)c1cc2c(cc1C(F)(F)F)NCNS2(=O)=O,1
CCCc1cc(=O)[nH]c(=S)[nH]1,1
CCCCC(=O)N(Cc1ccc(-c2ccccc2-c2nn[nH]n2)cc1)[C@H](C(=O)O)C(C)C,1
CC(C)[C@H](N)C(=O)OCCOCn1cnc2c(=O)[nH]c(N)nc21,1
CN/C(=C/[N+](=O)[O-])NCCSCc1csc(CN(C)C)n1,1
CN(C)C/C=C(\c1ccc(Br)cc1)c1cccnc1,1
C#C[C@]1(O)CC[C@H]2[C@@H]3CCC4=Cc5oncc5C[C@]4(C)[C@H]3CC[C@@]21C,1
Cc1ccc(Cl)c(Nc2ccccc2C(=O)O)c1Cl,1
CCOC(=O)[C@H](CCc1ccccc1)N[C@H]1CCc2ccccc2N(CC(=O)O)C1=O,1
COc1ccc2c3c1O[C@H]1C[C@@H](O)C=C[C@@]31CCN(C)C2,1
CN/C(=N\C#N)NCCSCc1nc[nH]c1C,1
Cn1cnc([N+](=O)[O-])c1Sc1[nH]cnc2ncnc1-2,1
CC[C@]1(O)C[C@H]2CN(CCc3c([nH]c4ccccc34)[C@@](C(=O)OC)(c3cc4c(cc3OC)N(C=O)[C@H]3[C@@](O)(C(=O)OC)[C@H](OC(C)=O)[C@@]5(CC)C=CCN6CC[C@]43[C@@H]65)C2)C1,1
C[C@H]1COc2c(N3CCN(C)CC3)c(F)cc3c(=O)c(C(=O)O)cn1c23,1
C[C@]12CC[C@@H]3c4ccc(OS(=O)(=O)O)cc4CC[C@H]3[C@@H]1CCC2=O,1
CC(C)(C)NC(=O)[C@@H]1C[C@@H]2CCCC[C@@H]2CN1C[C@@H](O)[C@H](Cc1ccccc1)NC(=O)[C@H](CC(N)=O)NC(=O)c1ccc2ccccc2n1,1
O=C(O)c1cc(/N=N/c2ccc(S(=O)(=O)Nc3ccccn3)cc2)ccc1O,1
CC(C)NC[C@H](O)COc1cccc2ccccc12,1
CC(C)C[C@H]1C(=O)N2CCC[C@H]2[C@]2(O)O[C@](NC(=O)[C@@H]3C=C4c5cccc6[nH]c(Br)c(c56)C[C@H]4N(C)C3)(C(C)C)C(=O)N12,1
C=CC1=C(C(=O)O)N2C(=O)[C@@H](NC(=O)/C(=N\O)c3csc(N)n3)[C@H]2SC1,1
CCOc1ccc2ccccc2c1C(=O)N[C@@H]1C(=O)N2[C@@H](C(=O)O)C(C)(C)S[C@H]12,1
N=C(N)NC(=O)Cc1c(Cl)cccc1Cl,1
C[C@]12CC[C@@H]3c4ccc(O)cc4CC[C@H]3[C@@H]1CC[C@@H]2O,1
CCC(C)(C)C(=O)O[C@H]1C[C@@H](C)C=C2C=C[C@H](C)[C@H](CC[C@@H]3C[C@@H](O)CC(=O)O3)[C@H]21,1
CC1(C)NC(=O)N(c2ccc([N+](=O)[O-])c(C(F)(F)F)c2)C1=O,1
COc1ccc([C@@H]2Sc3ccccc3N(CCN(C)C)C(=O)[C@@H]2OC(C)=O)cc1,1
CNCCCC12CCC(c3ccccc31)c1ccccc12,1
CC(=O)N1CCN(c2ccc(OC[C@H]3CO[C@](Cn4ccnc4)(c4ccc(Cl)cc4Cl)O3)cc2)CC1,1
CC(C)(C)NC[C@@H](O)COc1nsnc1N1CCOCC1,1
Cc1cccc(Nc2ccncc2S(=O)(=O)NC(=O)NC(C)C)c1,1
N[C@@H](Cc1cc(I)c(Oc2cc(I)c(O)c(I)c2)c(I)c1)C(=O)O,1
COc1c(C)c2c(c(O)c1CC=C(C)CCC(=O)O)C(=O)OC2,1
CNCC[C@@H](Oc1ccccc1C)c1ccccc1,1
CN(C)CC/C=C1\c2ccccc2COc2ccccc21,1
O=C1CC[C@@]2(O)[C@H]3Cc4ccc(O)c5c4[C@@]2(CCN3CC2CC2)[C@H]1O5,1
CCOC(=O)[C@H](CCc1ccccc1)N[C@@H](C)C(=O)N1CCC[C@H]1C(=O)O,1
C[C@]12CC[C@@H]3c4ccc(O)cc4CC[C@H]3[C@@H]1CCC2=O,1
CCOc1cc(CC(=O)N[C@@H](CC(C)C)c2ccccc2N2CCCCC2)ccc1C(=O)O,1
CC[C@@H]1C(=O)OC[C@@H]1Cc1cncn1C,1
C[C@]12CC(=O)[C@H]3[C@@H](CCC4=CC(=O)C=C[C@@]43C)[C@@H]1CC[C@]2(O)C(=O)CO,1
OCCN(CCO)c1nc(N2CCCCC2)c2nc(N(CCO)CCO)nc(N3CCCCC3)c2n1,1
CCN1CCN(C(=O)N[C@@H](C(=O)N[C@@H]2C(=O)N3[C@@H](C(=O)O)C(C)(C)S[C@H]23)c2ccccc2)C(=O)C1=O,1
CCCCCNC(=N)N/N=C/c1c[nH]c2ccc(OC)cc12,1
N[C@H]1C[C@@H]1c1ccccc1,1
CCC[C@@H]1C[C@@H](C(=O)N[C@H]([C@@H](C)O)[C@H]2O[C@H](SC)[C@H](O)[C@@H](O)[C@@H]2O)N(C)C1,1
COc1cccc2c1C(=O)c1c(O)c3c(c(O)c1C2=O)C[C@@](O)(C(=O)CO)C[C@@H]3O[C@H]1C[C@H](N)[C@H](O)[C@H](C)O1,1
CCC[C@H](N[C@@H](C)C(=O)N1[C@H](C(=O)O)C[C@@H]2CCCC[C@@H]21)C(=O)OCC,1
CC(C)NC[C@@H](O)COc1cccc2ccccc12,1
Cc1cc(C(=O)NNCc2ccccc2)no1,1
CC/C(=C(\c1ccccc1)c1ccc(OCCN(C)C)cc1)c1ccccc1,1
CC[C@H](C)C(=O)O[C@H]1C[C@@H](C)C=C2C=C[C@H](C)[C@H](CC[C@@H]3C[C@@H](O)CC(=O)O3)[C@H]21,1
COc1cc2c(cc1OC)[C@@H]1CC(=O)[C@@H](CC(C)C)CN1CC2,1
CC(=O)S[C@@H]1CC2=CC(=O)CC[C@]2(C)[C@H]2CC[C@@]3(C)[C@@H](CC[C@@]34CCC(=O)O4)[C@@H]21,1
C[C@H](CS)C(=O)N1CCC[C@H]1C(=O)O,1
O=C1CN(/N=C/c2ccc(-c3ccc([N+](=O)[O-])cc3)o2)C(=O)N1,1
CC(=O)CCCCn1c(=O)c2c(ncn2C)n(C)c1=O,1
COc1ccc2cc([C@H](C)C(=O)O)ccc2c1,1
CC[C@H](C)C(=O)O[C@H]1C[C@H](O)C=C2C=C[C@H](C)[C@H](CC[C@@H](O)C[C@@H](O)CC(=O)O)[C@H]21,1
CC(=O)O[C@H]1C(=O)[C@]2(C)[C@@H](O)C[C@H]3OC[C@@]3(OC(C)=O)[C@H]2[C@H](OC(=O)c2ccccc2)[C@]2(O)C[C@H](OC(=O)[C@H](O)[C@@H](NC(=O)c3ccccc3)c3ccccc3)C(C)=C1C2(C)C,1
C[C@H]1[C@H](NC(=O)/C(=N\OC(C)(C)C(=O)O)c2csc(N)n2)C(=O)N1S(=O)(=O)O,1
COc1c(C)c2c(c(O)c1C/C=C(\C)CCC(=O)O)C(=O)OC2,1
CC(=O)[C@H]1CC[C@H]2[C@@H]3CCC4=CC(=O)CC[C@]4(C)[C@H]3CC[C@]12C,1
O=C1CCc2cc(OCCCCc3nnnn3C3CCCCC3)ccc2N1,1
CO/N=C(\C(=O)N[C@@H]1C(=O)N2C(C(=O)O)=C(COC(C)=O)CS[C@H]12)c1csc(N)n1,1
CO[C@@]1(NC(=O)Cc2cccs2)C(=O)N2C(C(=O)O)=C(COC(N)=O)CS[C@@H]21,1
C=CC1=C(C(=O)O)N2C(=O)[C@@H](NC(=O)/C(=N\OCC(=O)O)c3csc(N)n3)[C@H]2SC1,1
CCOC(=O)[C@H](CCc1ccccc1)N[C@@H](C)C(=O)N1Cc2ccccc2C[C@H]1C(=O)O,1
Cc1cn([C@H]2C[C@H](N=[N+]=[N-])[C@@H](CO)O2)c(=O)[nH]c1=O,1
CC1=Nc2ccc(Cl)cc2S(=O)(=O)N1,1
CC1=C(/C=C/C(C)=C/C=C/C(C)=C\C(=O)O)C(C)(C)CCC1,1
O=C1CN(/N=C/c2ccc([N+](=O)[O-])o2)C(=O)N1,1
COC(=O)Nc1nc2ccc(C(=O)c3ccccc3)cc2[nH]1,1
Cc1[nH]c(=O)c(C#N)cc1-c1ccncc1,1
CC(C)(C)NC[C@H](O)COc1nsnc1N1CCOCC1,1
CC(C)n1c(/C=C/[C@H](O)C[C@H](O)CC(=O)O)c(-c2ccc(F)cc2)c2ccccc21,1
Cc1nccn1CC1CCC2C(C1=O)c1ccccc1N2C,1
C[C@H]1c2cccc(O)c2C(=O)C2C(=O)[C@]3(O)C(=O)C(C(N)=O)C(=O)[C@@H](N(C)C)[C@@H]3[C@@H](O)[C@@H]21,1
CN1CCCCC1CCN1c2ccccc2Sc2ccc([S+](C)[O-])cc21,1
CCC1OC(=O)[C@H](C)C(=O)[C@H](C)[C@@H](OC2O[C@H](C)C[C@H](N(C)C)[C@H]2O)[C@](C)(OC)C[C@@H](C)C(=O)[C@H](C)[C@H]2N(CCCCn3cnc(-c4cccnc4)c3)C(=O)O[C@@]12C,1
C[C@]12C[C@H](O)[C@H]3[C@@H](CCC4=CC(=O)C=C[C@@]43C)[C@@H]1CC[C@]2(O)C(=O)CO,1
CCOC(=O)C1=C(COCCN)NC(C)=C(C(=O)OC)C1c1ccccc1Cl,1
CCC[C@@H]1C[C@@H](C(=O)N[C@@H](C2O[C@H](SC)[C@H](O)[C@@H](O)[C@H]2O)[C@H](C)Cl)N(C)C1,1
CC(=O)OC1CCC2C3CCc4cc(O)ccc4C3CCC12C,1
CC(=O)CC(c1ccccc1)c1c(O)c2ccccc2oc1=O,1
CCC(C)C(=O)O[C@H]1C[C@H](O)C=C2C=C[C@H](C)[C@H](CC[C@@H](O)C[C@@H](O)CC(=O)O)C21,1
CO/N=C(/C(=O)NC1C(=O)N2C(C(=O)O)=C(COC(N)=O)CSC12)c1ccco1,1
CC(C)CC1C(=O)N2CCC[C@H]2C2(O)O[C@](NC(=O)C3C=C4c5cccc6[nH]c(Br)c(c56)C[C@H]4N(C)C3)(C(C)C)C(=O)N12,1
Nc1nc(Cl)nc2c1ncn2C1OC(CO)C(O)C1F,1
CCC1(c2ccccc2)NC(=O)N(C)C1=O,1
C/C=C\C1=C(C(=O)O)N2C(=O)C(NC(=O)C(N)c3ccc(O)cc3)C2SC1,1
CC(C(=O)O)c1ccc(-c2ccccc2)c(F)c1,1
CN(C)c1ccc(O)c2c1C[C@H]1C[C@H]3[C@H](N(C)C)C(=O)C(C(N)=O)C(=O)[C@@]3(O)C(=O)C1C2=O,1
Nc1nc(Cl)nc2c1ncn2C1C[C@@H](O)C(CO)O1,1
CCOc1ccc2ccccc2c1NC(=O)[C@@H]1C(=O)N2C(C(=O)O)C(C)(C)S[C@H]12,1
COc1cc2c(c(OC)c1OC)-c1ccc(OC)c(=O)cc1[C@@H](NC(C)=O)CC2,1
NC(N)=Nc1nc(CSCC/C(N)=N\S(N)(=O)=O)cs1,1
Cc1onc(-c2ccccc2Cl)c1C(=O)N[C@@H]1C(=O)N2[C@@H](C(=O)O)C(C)(C)S[C@H]12,1
CCN1CCN(C(=O)N[C@@H](C(=O)N[C@@H]2C(=O)N3C(C(=O)O)=C(CSc4nnnn4C)CS[C@H]23)c2ccc(O)cc2)C(=O)C1=O,1
CO/N=C(\C(=O)N[C@@H]1C(=O)N2C(C(=O)O)=C(COC(N)=O)CS[C@H]12)c1ccco1,1
COC(=O)C1=C(C)NC(C)=C(C(=O)OC(C)C)C1c1cccc2nonc12,1
Cc1onc(-c2c(Cl)cccc2Cl)c1C(=O)N[C@@H]1C(=O)N2[C@@H](C(=O)O)C(C)(C)S[C@H]12,1
CCOC(=O)[C@H](CCc1ccccc1)N[C@@H](C)C(=O)N1C(C(=O)O)C[C@@H]2CCC[C@@H]21,1
COC(=O)C1=C(C)NC(C)=C(C(=O)OCCN(C)Cc2ccccc2)C1c1cccc([N+](=O)[O-])c1,1
CCOC(=O)C1=C(C)NC(C)=C(C(=O)OC)C1c1cccc(Cl)c1Cl,1
CCOC(=O)[C@H](CCc1ccccc1)N[C@H](C)C(=O)N1C2CCCCC2C[C@H]1C(=O)O,1
CN(C)[C@@H]1C(=O)C(C(N)=O)C(=O)[C@@]2(O)C(=O)C3C(=O)c4c(O)ccc(Cl)c4[C@@H](O)[C@H]3C[C@@H]12,1
CN(C)[C@@H]1C(=O)C(C(N)=O)C(=O)[C@@]2(O)C(=O)C3C(=O)c4c(O)cccc4[C@@](C)(O)[C@H]3C[C@@H]12,1
C[C@]12CC(=O)C3C(CCC4=CC(=O)C=C[C@@]43C)C1CC[C@]2(O)C(=O)CO,1
O=C1[C@H](CCC(O)c2ccc(F)cc2)[C@@H](c2ccc(O)cc2)N1c1ccc(F)cc1,1
CCCC(C)C1(CC)C(=O)NC(=O)NC1=O,1
C[C@]12CCC3C(CCC4=CC(=O)CC[C@@]43C)C1CC[C@@H]2O,1
COc1ccc2nc([S+]([O-])Cc3ncc(C)c(OC)c3C)[nH]c2c1,1
CC1=C(C(=O)O)N2C(=O)[C@@H](NC(=O)C(N)c3ccc(O)cc3)[C@H]2SC1,1
COCCOC(=O)C1=C(C)NC(C)=C(C(=O)OC(C)C)C1c1cccc([N+](=O)[O-])c1,1
CC(C)C[C@H]1C(=O)N2CCC[C@H]2[C@]2(O)O[C@](NC(=O)[C@@H]3C=C4c5cccc6[nH]c(Br)c(c56)CC4N(C)C3)(C(C)C)C(=O)N12,1
CC(=O)O[C@]1(C(C)=O)CCC2C3C[C@H](C)C4=CC(=O)CC[C@]4(C)C3CC[C@@]21C,1
CO/N=C1\CN(c2nc3c(cc2F)c(=O)c(C(=O)O)cn3C2CC2)CC1CN,1
Cc1nnc(SCC2=C(C(=O)O)N3C(=O)[C@@H](NC(=O)Cn4cnnn4)[C@H]3SC2)s1,1
COc1cccc2c1C(=O)c1c(O)c3c(c(O)c1C2=O)C[C@@](O)(C(C)=O)C[C@@H]3O[C@H]1C[C@H](N)[C@H](O)[C@H](C)O1,0
Oc1ccc2c3c1O[C@H]1[C@@H](O)CC[C@@]4(O)[C@@H](C2)N(CC2CCC2)CC[C@]314,0
C=CCN1CC[C@]23c4c5ccc(O)c4O[C@H]2C(=O)CC[C@@]3(O)[C@H]1C5,0
Cc1cc2nc3c(=O)[nH]c(=O)nc-3n(C[C@@H](O)[C@@H](O)[C@@H](O)CO)c2cc1C,0
CN[C@@H](C)[C@@H](O)c1ccccc1,0
C#CCN(C)[C@H](C)Cc1ccccc1,0
C=CCN1C[C@H](C(=O)N(CCCN(C)C)C(=O)NCC)C[C@@H]2c3cccc4[nH]cc(c34)C[C@H]21,0
N[C@@H](Cc1cc(I)c(Oc2ccc(O)c(I)c2)c(I)c1)C(=O)O,0
CN1[C@H]2C[C@H](OC(=O)[C@H](CO)c3ccccc3)C[C@@H]1[C@H]1O[C@@H]21,0
C[C@]12C[C@H](O)[C@H]3[C@@H](CCC4=CC(=O)CC[C@@]43C)[C@@H]1CC[C@]2(O)C(=O)CO,0
CC#C[C@]1(O)CC[C@H]2[C@@H]3CCC4=CC(=O)CCC4=C3[C@@H](c3ccc(N(C)C)cc3)C[C@@]21C,0
CC[C@@H](CO)NC(=O)[C@@H]1C=C2c3cccc4c3c(cn4C)C[C@H]2N(C)C1,0
C#C[C@]1(O)CC[C@H]2[C@@H]3CCC4=CC(=O)CC[C@@H]4[C@H]3CC[C@@]21CC,0
COc1ccc2c(c1)[C@]13CCCC[C@@H]1[C@H](C2)N(C)CC3,0
CC(C)NCC(O)c1cc(O)cc(O)c1,0
C#C[C@]1(OC(C)=O)CCC2C3CCC4=CC(=O)CC[C@@H]4C3CC[C@@]21C,0
CN1[C@H]2CC[C@@H]1C[C@H](OC(=O)C(CO)c1ccccc1)C2,0
OC(CCN1CCCCC1)(c1ccccc1)C1C[C@@H]2C=C[C@H]1C2,0
C=CCN1CCC23c4c5ccc(O)c4OC2C(=NNC(=O)c2ccccc2)CCC3(O)C1C5,0
OCCOCCN1CCN(C(c2ccccc2)c2ccc(Cl)cc2)CC1,0
CC(C)(C)NC(=O)[C@H]1CC[C@H]2[C@@H]3CC[C@H]4NC(=O)C=C[C@]4(C)[C@H]3CC[C@]12C,0
Nc1ncnc2c1ncn2[C@@H]1O[C@H](CO)[C@@H](O)[C@H]1O,0
Cc1ccc(/C(=C\CN2CCCC2)c2ccccn2)cc1,0
N=c1nc(N2CCCCC2)cc(N)n1O,0
CN1CCCN=C1/C=C/c1cccs1,0
O=C(N[C@@H](CO)[C@H](O)c1ccc([N+](=O)[O-])cc1)C(Cl)Cl,0
C[C@H]1O[C@@H](O[C@H]2[C@@H](O)C[C@H](O[C@H]3[C@@H](O)C[C@H](O[C@H]4CC[C@]5(C)[C@H]6C[C@@H](O)[C@]7(C)[C@@H](C8=CC(=O)OC8)CC[C@]7(O)[C@@H]6CC[C@@H]5C4)O[C@@H]3C)O[C@@H]2C)C[C@H](O)[C@@H]1O,0
C=C1/C(=C\C=C2/CCC[C@@]3(C)[C@H]2CC[C@@H]3[C@H](C)CCCC(C)(C)O)C[C@@H](O)C[C@@H]1O,0
CCC(=O)NCC[C@@H]1CCc2ccc3c(c21)CCO3,0
CN1CCC[C@@H]1CCO[C@](C)(c1ccccc1)c1ccc(Cl)cc1,0
